{
  "lambda": 0.01,
  "tau_rad": 0.01,
  "D_ALD": 1.0844538296079366e-06,
  "epsilon_cg": 0.19634954084936207,
  "n_particles": 1000,
  "n_realizations": 5,
  "omega_max": 3.0,
  "t_final": 12.566370614359172,
  "times": [
    0.0,
    0.7860000000000006,
    1.5720000000000012,
    2.357999999999962,
    3.1439999999998753,
    3.9299999999997888,
    4.715999999999703,
    5.501999999999616,
    6.2879999999995295,
    7.073999999999443,
    7.859999999999356,
    8.645999999999557,
    9.43199999999982,
    10.218000000000082,
    11.004000000000344,
    11.790000000000607,
    12.566000000000866
  ],
  "hbar_mean": [
    0.839322400669646,
    0.623043614840935,
    0.5121342015984809,
    0.4202725086535962,
    0.47154445016405855,
    0.3887403412218525,
    0.3734972979704268,
    0.31077904289435077,
    0.25765073623999935,
    0.24115625385359607,
    0.23229037095989824,
    0.20761514527860445,
    0.20675170181683128,
    0.2104970657149679,
    0.1932394709283855,
    0.19176100107745375,
    0.17106866136774787
  ],
  "hbar_std": [
    0.010820887679472974,
    0.00899407865321484,
    0.014459686992910756,
    0.022824979879180023,
    0.023159386238880437,
    0.015615337191713794,
    0.022293762002310535,
    0.004558592801575793,
    0.00671439722124114,
    0.01767596582466404,
    0.006498000364595245,
    0.010132134139852414,
    0.01683041957403588,
    0.012643165293393434,
    0.010671897207153577,
    0.012478311025036177,
    0.01281541566542013
  ],
  "hbar_all": [
    [
      0.829880334893222,
      0.6079981741077851,
      0.5253452802847072,
      0.4284275152935977,
      0.4838770789129266,
      0.39715462979118343,
      0.37664345982792213,
      0.30615090134142603,
      0.2504327842085621,
      0.2634466081342641,
      0.22666711130567407,
      0.20506200112465744,
      0.22692360623986013,
      0.2168164224314874,
      0.18816201938814137,
      0.1850529182163942,
      0.16684659032141538
    ],
    [
      0.8527652634905526,
      0.6243532437802287,
      0.5078220830102509,
      0.41195319467126357,
      0.48719410660627926,
      0.40626124908217454,
      0.3570905295607175,
      0.31207180029343295,
      0.2573913511551478,
      0.22924001619142037,
      0.22405007001158675,
      0.21300298436487625,
      0.18600105389906013,
      0.22737024516549695,
      0.19219029676898597,
      0.21613081419983277,
      0.19460378741458434
    ],
    [
      0.8374329234613452,
      0.6308761878501001,
      0.48752505371493904,
      0.3993970832587687,
      0.43361617491154253,
      0.3603706665925209,
      0.3673622041348068,
      0.31660567333597023,
      0.25285615294389724,
      0.23765685755203378,
      0.24155802611177835,
      0.20425523276632856,
      0.20756198154912242,
      0.19391391606462613,
      0.19936007866157263,
      0.18291309597418162,
      0.16106466456329624
    ],
    [
      0.8258209397716099,
      0.6329814179293076,
      0.527840111156188,
      0.4608927475427045,
      0.4964769661485634,
      0.39405694204336494,
      0.3517289538929057,
      0.30485580554075487,
      0.2576645443006912,
      0.2166539279818797,
      0.23183643075816845,
      0.19260807140642022,
      0.18963392439956317,
      0.1977645720315227,
      0.17735059814279117,
      0.1839979090319566,
      0.17369551665438698
    ],
    [
      0.8507125417315,
      0.6190090505372533,
      0.5121384798263193,
      0.4006920025016468,
      0.4565579242409813,
      0.38585821860001873,
      0.4146613424357818,
      0.3142110339601699,
      0.2699088485916985,
      0.25878385940838244,
      0.23734021661228355,
      0.2231474367307399,
      0.22363794299655046,
      0.2166201728817063,
      0.20913436168043636,
      0.1907102679649036,
      0.15913274788505638
    ]
  ],
  "tau_eff": 8.744798284007302,
  "inv_tau_eff": 0.11435369547961147,
  "R2_fit": 0.9286609249621675
}