{
  "lambda": 0.2,
  "tau_rad": 0.01,
  "D_ALD": 0.0004337815318431747,
  "epsilon_cg": 0.19634954084936207,
  "n_particles": 1000,
  "n_realizations": 5,
  "omega_max": 3.0,
  "t_final": 12.566370614359172,
  "times": [
    0.0,
    0.7860000000000006,
    1.5720000000000012,
    2.357999999999962,
    3.1439999999998753,
    3.9299999999997888,
    4.715999999999703,
    5.501999999999616,
    6.2879999999995295,
    7.073999999999443,
    7.859999999999356,
    8.645999999999557,
    9.43199999999982,
    10.218000000000082,
    11.004000000000344,
    11.790000000000607,
    12.566000000000866
  ],
  "hbar_mean": [
    0.839322400669646,
    0.6291679281818334,
    0.5110303564969293,
    0.43820238118212285,
    0.4966306447290985,
    0.3941685267778209,
    0.39045190789345696,
    0.33291075793291824,
    0.28509193885417605,
    0.2803269066292195,
    0.25311082535973484,
    0.2343839147158675,
    0.22552499335675416,
    0.21302692515308497,
    0.22784004201173205,
    0.22461170217082055,
    0.20440870364406666
  ],
  "hbar_std": [
    0.010820887679472974,
    0.019620890645479713,
    0.021682976076903584,
    0.015286344483701362,
    0.0170478494417141,
    0.030116468425178296,
    0.04173368271223351,
    0.03152856007853349,
    0.021349851711647324,
    0.035770524312774755,
    0.023149802316413167,
    0.016985307876955562,
    0.02758758934892249,
    0.04775975269313841,
    0.03197574556034544,
    0.01785279333190225,
    0.02635146740659589
  ],
  "hbar_all": [
    [
      0.829880334893222,
      0.5984589607785713,
      0.5417143244091243,
      0.4250106867049209,
      0.4871034328988748,
      0.3680346486052546,
      0.3279507577236987,
      0.2896284762662023,
      0.2595309569278362,
      0.24759707856395075,
      0.24482073261542903,
      0.24262948000618031,
      0.24776313979584874,
      0.2268322950232221,
      0.23953718728893478,
      0.23269452092821308,
      0.2312374033107689
    ],
    [
      0.8527652634905526,
      0.6548525343035936,
      0.5197176320009845,
      0.4514100467189306,
      0.5118689328555558,
      0.44007991063138086,
      0.45915600631656894,
      0.3607585812356931,
      0.3166973998495039,
      0.32304091356678205,
      0.2692744292631598,
      0.2412265247336658,
      0.2660243095234646,
      0.2973357610069345,
      0.2831232595746267,
      0.2481249363222279,
      0.22143179121827372
    ],
    [
      0.8374329234613452,
      0.6325089718363881,
      0.4976651533957135,
      0.4486026640791932,
      0.4717194898076471,
      0.3550219170227821,
      0.3822268173906801,
      0.3030439506671473,
      0.27923000709927054,
      0.2543179186159299,
      0.22007147101805957,
      0.24385300522960948,
      0.20788227853319258,
      0.17897138687498806,
      0.2021458057535309,
      0.2099670316205885,
      0.1778321167046812
    ],
    [
      0.8258209397716099,
      0.6424510042414763,
      0.5182386808625696,
      0.45112548897524773,
      0.5189838309773867,
      0.40732694155734217,
      0.38899743571757145,
      0.34136165793212947,
      0.2677897243001257,
      0.2516169794196429,
      0.24399904436340217,
      0.20046620335780807,
      0.18988922502077166,
      0.1598449825912332,
      0.192936574308619,
      0.19856805789539755,
      0.16742588088028235
    ],
    [
      0.8507125417315,
      0.6175681697491378,
      0.4778159918162544,
      0.41486301943232134,
      0.4934775371060281,
      0.40037921607234506,
      0.3939285223187655,
      0.36976112356341906,
      0.3022116060941438,
      0.3250616429797919,
      0.28738844953862347,
      0.24374436025207388,
      0.2160660139104933,
      0.20215020026904698,
      0.22145738313294885,
      0.23370396408767571,
      0.22411632610632726
    ]
  ],
  "tau_eff": 9.798244455860893,
  "inv_tau_eff": 0.10205909890335943,
  "R2_fit": 0.913522336006123
}