{
  "lambda": 0.15,
  "tau_rad": 0.01,
  "D_ALD": 0.0002440021116617857,
  "epsilon_cg": 0.19634954084936207,
  "n_particles": 1000,
  "n_realizations": 5,
  "omega_max": 3.0,
  "t_final": 12.566370614359172,
  "times": [
    0.0,
    0.7860000000000006,
    1.5720000000000012,
    2.357999999999962,
    3.1439999999998753,
    3.9299999999997888,
    4.715999999999703,
    5.501999999999616,
    6.2879999999995295,
    7.073999999999443,
    7.859999999999356,
    8.645999999999557,
    9.43199999999982,
    10.218000000000082,
    11.004000000000344,
    11.790000000000607,
    12.566000000000866
  ],
  "hbar_mean": [
    0.839322400669646,
    0.623797655952306,
    0.5122351829576416,
    0.42968243934476763,
    0.492703752990945,
    0.380600540791556,
    0.37542846373394656,
    0.33101479198865624,
    0.2864961926320325,
    0.26485625531881196,
    0.23467034739460294,
    0.21281643578460652,
    0.21116153605808244,
    0.20436818583416402,
    0.202307363854532,
    0.19684641437689074,
    0.2014098754858345
  ],
  "hbar_std": [
    0.010820887679472974,
    0.022074251827211747,
    0.013562953826473389,
    0.014518681957214553,
    0.018683268967327103,
    0.0401635616560416,
    0.022546567841819326,
    0.014072424276822574,
    0.025567105397028292,
    0.021245980801262068,
    0.01505822335277481,
    0.022460751331798364,
    0.022309012997020886,
    0.025408857804181863,
    0.010715394751291489,
    0.01739841705720974,
    0.02328290642902675
  ],
  "hbar_all": [
    [
      0.829880334893222,
      0.5986873267855427,
      0.5244825850211504,
      0.42153785203977234,
      0.49132439701650477,
      0.33278040754541216,
      0.34552561353119937,
      0.3346071300771903,
      0.2707761654402281,
      0.23898519407484708,
      0.22122814292966056,
      0.2377090315959028,
      0.2266503711371699,
      0.2234337254240426,
      0.20498672549275057,
      0.19629647927874377,
      0.21630672918877342
    ],
    [
      0.8527652634905526,
      0.6505699043011881,
      0.5248196078712586,
      0.43985364478728817,
      0.4996329467100533,
      0.43792285797187025,
      0.4123076142276975,
      0.32797156030631436,
      0.3335323784968228,
      0.29701411184788623,
      0.24982285006596683,
      0.18203062496377775,
      0.2373442357609774,
      0.2354506256191267,
      0.2169968752372835,
      0.19399719249695363,
      0.1896406746103804
    ],
    [
      0.8374329234613452,
      0.6295959140109675,
      0.49834500386744784,
      0.42928361858670316,
      0.478418182104533,
      0.34243928642384314,
      0.38617157576277594,
      0.3074879210597098,
      0.27630163926966694,
      0.2699740020645252,
      0.22515618272107304,
      0.2285910767356516,
      0.1925046254047399,
      0.1944471566194173,
      0.2086914495729873,
      0.20906563187882396,
      0.21887410803942842
    ],
    [
      0.8258209397716099,
      0.6427351006934401,
      0.5201547486721556,
      0.44987674127050803,
      0.5240268815315485,
      0.377238372586679,
      0.369314952513945,
      0.35117826317922496,
      0.26041327136184467,
      0.24395043482663675,
      0.2212158731762392,
      0.18974620694371733,
      0.17785851625520768,
      0.16199592786448658,
      0.18667059027899752,
      0.1667761222654836,
      0.1608399668430056
    ],
    [
      0.8507125417315,
      0.5974000339703918,
      0.4933739693561954,
      0.40786034003956645,
      0.47011635759208564,
      0.41262177942997547,
      0.3638225626341149,
      0.3338290853208419,
      0.29145750859159997,
      0.27435753378016464,
      0.255928688080075,
      0.2260052386839831,
      0.22144993173231722,
      0.2065134936437471,
      0.194191178690641,
      0.2180966459644486,
      0.22138789874758463
    ]
  ],
  "tau_eff": 9.139287229878093,
  "inv_tau_eff": 0.10941772316016145,
  "R2_fit": 0.9220534732145473
}