{
  "lambda": 0.05,
  "tau_rad": 0.01,
  "D_ALD": 2.711134574019842e-05,
  "epsilon_cg": 0.19634954084936207,
  "n_particles": 1000,
  "n_realizations": 5,
  "omega_max": 3.0,
  "t_final": 12.566370614359172,
  "times": [
    0.0,
    0.7860000000000006,
    1.5720000000000012,
    2.357999999999962,
    3.1439999999998753,
    3.9299999999997888,
    4.715999999999703,
    5.501999999999616,
    6.2879999999995295,
    7.073999999999443,
    7.859999999999356,
    8.645999999999557,
    9.43199999999982,
    10.218000000000082,
    11.004000000000344,
    11.790000000000607,
    12.566000000000866
  ],
  "hbar_mean": [
    0.839322400669646,
    0.6230046508646766,
    0.5139337320390298,
    0.4213693729077888,
    0.46831157136919366,
    0.38625360100826256,
    0.3731636258718235,
    0.32198398747408086,
    0.26887026996093755,
    0.23846712104433848,
    0.222880108709213,
    0.20880472927481622,
    0.20114646320583454,
    0.19472912804534406,
    0.18084993366930774,
    0.19294272915738658,
    0.18120124440745408
  ],
  "hbar_std": [
    0.010820887679472974,
    0.016656092625506224,
    0.01560426688766643,
    0.017165947931188853,
    0.02196716510730514,
    0.01991297691832344,
    0.014719150277797164,
    0.010561127493466011,
    0.009161102023574846,
    0.0065222081526335705,
    0.01749515252596886,
    0.018915694725653274,
    0.012650673659992622,
    0.017267613660816455,
    0.0061953954728139315,
    0.015367289200441291,
    0.016120242645707807
  ],
  "hbar_all": [
    [
      0.829880334893222,
      0.5927113927921105,
      0.5229839662874736,
      0.43226005983766524,
      0.4981657812297168,
      0.3849985438896144,
      0.39035009604307325,
      0.31974429238636165,
      0.2562471899008779,
      0.24300507705409108,
      0.23697278810949662,
      0.21702230811535483,
      0.2055233840239385,
      0.2032529168080823,
      0.18846714338423182,
      0.21638930601890555,
      0.21030448677061675
    ],
    [
      0.8527652634905526,
      0.6309821780328237,
      0.5257097215129825,
      0.41530232223026486,
      0.4675902804901537,
      0.40152560755734734,
      0.3846533511560025,
      0.32813287579572803,
      0.28214307713339043,
      0.2458979298919402,
      0.23735944255292946,
      0.22120415916024253,
      0.20939305106574815,
      0.22319864737444167,
      0.1849970252836397,
      0.19483354674128278,
      0.18208378326524455
    ],
    [
      0.8374329234613452,
      0.6318554554782533,
      0.4888231135189128,
      0.39937083802279244,
      0.4382464929222396,
      0.3481560476516288,
      0.35302730267479887,
      0.3118223856020027,
      0.26371524897969323,
      0.23597677513644005,
      0.20067219613980236,
      0.1739030850116695,
      0.17995869676181486,
      0.17249751365959085,
      0.17079723332529462,
      0.16914324206349923,
      0.17078784536957609
    ],
    [
      0.8258209397716099,
      0.6406186539071201,
      0.5294393847472603,
      0.44848394514627554,
      0.48633675422073397,
      0.40009148215672374,
      0.35855100731834777,
      0.31110916417922085,
      0.2662548416467395,
      0.22717947681679881,
      0.23714375725314474,
      0.22707343218864104,
      0.19476464885353692,
      0.18884584976527347,
      0.17733210392711396,
      0.19764426740412186,
      0.1627100095993195
    ],
    [
      0.8507125417315,
      0.6188555741130756,
      0.5027124741285205,
      0.41142969930194584,
      0.4512185479831242,
      0.3964963237859988,
      0.37923637216689515,
      0.33911121940709105,
      0.27599099214398654,
      0.24027634632242226,
      0.20225235949069165,
      0.20482066189817313,
      0.21609253532413408,
      0.18585071261933195,
      0.18265616242625848,
      0.18670328355912347,
      0.1801200970325137
    ]
  ],
  "tau_eff": 8.629074995311042,
  "inv_tau_eff": 0.11588727650917284,
  "R2_fit": 0.9290954896724783
}