{
  "lambda": 0.02,
  "epsilon_cg": 0.19634954084936207,
  "n_particles": 2000,
  "n_realizations": 5,
  "omega_max": 3.0,
  "zpf_scale": 1.0,
  "t_final": 12.566370614359172,
  "times": [
    0.0,
    0.7860000000000006,
    1.5720000000000012,
    2.357999999999962,
    3.1439999999998753,
    3.9299999999997888,
    4.715999999999703,
    5.501999999999616,
    6.2879999999995295,
    7.073999999999443,
    7.859999999999356,
    8.645999999999557,
    9.43199999999982,
    10.218000000000082,
    11.004000000000344,
    11.790000000000607,
    12.566000000000866
  ],
  "hbar_mean": [
    0.7668000867534382,
    0.5719444677512129,
    0.45930900653588386,
    0.3629824330027669,
    0.4001894846620401,
    0.3288700461130347,
    0.30700058599459484,
    0.26450439789212254,
    0.21454861127025113,
    0.17523035235616902,
    0.1642727658630858,
    0.14180736639333422,
    0.14207938804401687,
    0.13593359569737046,
    0.12244732339634865,
    0.12247402010616797,
    0.11939437387685399
  ],
  "hbar_std": [
    0.02451437335148964,
    0.022913634279098243,
    0.01561374529673641,
    0.018600367843579223,
    0.01339814475940549,
    0.010033601010078849,
    0.009763298366377203,
    0.007633604664276355,
    0.012290799734624117,
    0.014876022502012516,
    0.010144732582703904,
    0.005597961430308044,
    0.0044704514341412475,
    0.014869657338652188,
    0.01568615533144394,
    0.009982400453456058,
    0.00874239785525213
  ],
  "hbar_all": [
    [
      0.7483423012210122,
      0.551812971251074,
      0.46662978543937644,
      0.3616091998344157,
      0.38468730054030414,
      0.3222378328864459,
      0.30957752750462686,
      0.2612167849574456,
      0.23029877877862184,
      0.18619494767305567,
      0.17746080538739062,
      0.13220273366081617,
      0.14265338086433352,
      0.11949094459501938,
      0.10537138716678568,
      0.12295151870848717,
      0.11878082568815973
    ],
    [
      0.78261053229905,
      0.5814793868064551,
      0.4591844161507568,
      0.37653768383692077,
      0.4158961797466549,
      0.34335794471213077,
      0.3090450907005951,
      0.2705966594888998,
      0.21194546828500754,
      0.16086807499778566,
      0.16154221974840932,
      0.14554002580162764,
      0.14069988315136397,
      0.14268076827673673,
      0.11189099273768421,
      0.12417729247399772,
      0.11549321711064754
    ],
    [
      0.7461673137053642,
      0.5669193974098151,
      0.46479343413756347,
      0.36607683347443354,
      0.40753667847420777,
      0.33525290687057885,
      0.3227353678981336,
      0.27533092703382556,
      0.22634572235768832,
      0.19560849435333322,
      0.1733062053140526,
      0.14821769472646093,
      0.1497788877598491,
      0.16162307856251223,
      0.1511796276395981,
      0.1341408340149219,
      0.1363455307760839
    ],
    [
      0.8077438914428945,
      0.611233157478472,
      0.4759345200998405,
      0.38197107161861876,
      0.4092206235786125,
      0.3144237245751364,
      0.29447534872377007,
      0.2617703107521277,
      0.20708642769274202,
      0.17724122195433417,
      0.16007916700557293,
      0.13938564129418152,
      0.14133853076076902,
      0.1288839098484318,
      0.12264003013980515,
      0.1270201906597009,
      0.11414510277956803
    ],
    [
      0.74913639509887,
      0.5482774258102483,
      0.43000287685188204,
      0.32871737624944575,
      0.38360664097042085,
      0.3290778215208816,
      0.2991695951458487,
      0.2536073072283143,
      0.19706665923719596,
      0.15623902280233637,
      0.14897543186000364,
      0.14369073648358482,
      0.13592625768376873,
      0.1269892772041522,
      0.12115457929787007,
      0.10408026467373208,
      0.11220719302981076
    ]
  ],
  "tau_eff": 6.844649374738275,
  "inv_tau_eff": 0.14609952172140855,
  "R2_fit": 0.9522634962714682
}