{
  "lambda": 0.05,
  "epsilon_cg": 0.19634954084936207,
  "n_particles": 2000,
  "n_realizations": 5,
  "omega_max": 3.0,
  "zpf_scale": 1.0,
  "t_final": 12.566370614359172,
  "times": [
    0.0,
    0.7860000000000006,
    1.5720000000000012,
    2.357999999999962,
    3.1439999999998753,
    3.9299999999997888,
    4.715999999999703,
    5.501999999999616,
    6.2879999999995295,
    7.073999999999443,
    7.859999999999356,
    8.645999999999557,
    9.43199999999982,
    10.218000000000082,
    11.004000000000344,
    11.790000000000607,
    12.566000000000866
  ],
  "hbar_mean": [
    0.7668000867534382,
    0.5709268639851064,
    0.4572776529618995,
    0.3710379636102279,
    0.40429053881099897,
    0.32840174724436655,
    0.3011533361861015,
    0.24760099536405633,
    0.20466433351294686,
    0.1773884724338247,
    0.16207134933062206,
    0.14684726012402585,
    0.14516951328507696,
    0.1366035999664182,
    0.12793342356177456,
    0.126782734768647,
    0.11907143899637514
  ],
  "hbar_std": [
    0.02451437335148964,
    0.02487483752165625,
    0.01491487710331003,
    0.016504460918984762,
    0.012642072911105091,
    0.007445316417264516,
    0.014856593125295992,
    0.010138881684016878,
    0.011318726112698931,
    0.008972755989384577,
    0.0023658843751981303,
    0.011304936347808225,
    0.004421810514183654,
    0.0056763873832072955,
    0.00926677262917003,
    0.00355587767020526,
    0.010977745084169783
  ],
  "hbar_all": [
    [
      0.7483423012210122,
      0.5375164162238997,
      0.4521065764962495,
      0.35950682479844176,
      0.38450906591819944,
      0.32282743519324886,
      0.2822166830833549,
      0.23808666016376195,
      0.1977068268552791,
      0.18472444976580554,
      0.1626333611789494,
      0.13992855406617816,
      0.13769217790352398,
      0.13175262553736578,
      0.13431675203757162,
      0.12482067087150825,
      0.13024260343249916
    ],
    [
      0.78261053229905,
      0.5813286169160504,
      0.46434311243006876,
      0.3847030397444044,
      0.41231259859263314,
      0.33923005390167765,
      0.31889456570434593,
      0.26183513114428425,
      0.22149000617685285,
      0.17838690978056737,
      0.16640529003314786,
      0.15078872630999818,
      0.14503791971073582,
      0.14088538548289029,
      0.13668076659580572,
      0.13006240017851617,
      0.1091167273623765
    ],
    [
      0.7461673137053642,
      0.5641750712577442,
      0.4620755140846049,
      0.3688687136604135,
      0.41133721903227255,
      0.32865167293320746,
      0.31814395099888926,
      0.2518641668421936,
      0.20890154389074422,
      0.1826004312900587,
      0.1610459080359537,
      0.15582413984890917,
      0.1477421353414233,
      0.14098606915859496,
      0.11663163228587219,
      0.12413007348552094,
      0.1308334423305923
    ],
    [
      0.8077438914428945,
      0.6120835535865203,
      0.4761823118817124,
      0.3938325645637106,
      0.41853575079941935,
      0.3181122320986769,
      0.29615562989869165,
      0.25211866825106005,
      0.20739997692886136,
      0.18131158588139923,
      0.1605521384792217,
      0.1592912426948344,
      0.1510442723120432,
      0.14150741645723677,
      0.1354275389729414,
      0.13196067627097655,
      0.12141675542168118
    ],
    [
      0.74913639509887,
      0.5595306619413171,
      0.4316807499168622,
      0.34827867528416917,
      0.39475805971247024,
      0.33318734209502193,
      0.29035585124522606,
      0.23410035041898175,
      0.18782331371299685,
      0.15991898545129254,
      0.15972004892583763,
      0.12840363770020932,
      0.1443310611576585,
      0.1278865031960031,
      0.11661042791668189,
      0.12293985303671306,
      0.10374766643472658
    ]
  ],
  "tau_eff": 6.945711040781916,
  "inv_tau_eff": 0.1439737406477861,
  "R2_fit": 0.9488887008086067
}