{
  "lambda": 0.02,
  "epsilon_cg": 0.19634954084936207,
  "n_particles": 2000,
  "n_realizations": 5,
  "omega_max": 15.0,
  "zpf_scale": 1.0,
  "t_final": 12.566370614359172,
  "times": [
    0.0,
    0.7860000000000006,
    1.5720000000000012,
    2.357999999999962,
    3.1439999999998753,
    3.9299999999997888,
    4.715999999999703,
    5.501999999999616,
    6.2879999999995295,
    7.073999999999443,
    7.859999999999356,
    8.645999999999557,
    9.43199999999982,
    10.218000000000082,
    11.004000000000344,
    11.790000000000607,
    12.566000000000866
  ],
  "hbar_mean": [
    0.7668000867534382,
    0.5786512924808221,
    0.46424452986634934,
    0.3830483927502037,
    0.41872832460994813,
    0.32808804664859964,
    0.31377511366760347,
    0.26453778301178954,
    0.22340248635939552,
    0.19365341365407293,
    0.16957688856042735,
    0.16412916781536313,
    0.1686555435835392,
    0.15727760394975507,
    0.1469311409401728,
    0.14077996204567342,
    0.1307323094651463
  ],
  "hbar_std": [
    0.02451437335148964,
    0.020975603403293505,
    0.014720609313127818,
    0.018334861149298016,
    0.023643639744653767,
    0.015192313946047723,
    0.015783027520113818,
    0.013840026837316693,
    0.008675914520641296,
    0.017311413116842884,
    0.015025305730508738,
    0.02084926522338212,
    0.02781831792363094,
    0.01610520573573075,
    0.016871146927588388,
    0.013289776001421342,
    0.01000233096191389
  ],
  "hbar_all": [
    [
      0.7483423012210122,
      0.5680369581068093,
      0.46046731631714555,
      0.36746131177596125,
      0.3765289263281244,
      0.308465348227033,
      0.3045729258173754,
      0.2576314153476896,
      0.23051450290000672,
      0.200311109786666,
      0.173181962101486,
      0.1618458598792994,
      0.1670459171571336,
      0.1638143476542409,
      0.16636062967056595,
      0.14108630826356458,
      0.13216106819344967
    ],
    [
      0.78261053229905,
      0.599193981026479,
      0.47483399887637046,
      0.40998144320381635,
      0.4450013636574052,
      0.340667938281687,
      0.32301263783441536,
      0.2516736549011423,
      0.21145735341891778,
      0.17939896310591785,
      0.14899664162431664,
      0.12998711730793158,
      0.11944787650253112,
      0.12784539812243323,
      0.11973566041397136,
      0.11725975120653985,
      0.11119473625440904
    ],
    [
      0.7461673137053642,
      0.5775519219880841,
      0.46525987799579804,
      0.37881515841079527,
      0.43350738307618963,
      0.3459264413518403,
      0.34043662636080074,
      0.29117996599531587,
      0.23412207055331202,
      0.22165107210865775,
      0.19517186977580275,
      0.19527896789912338,
      0.20527234781835713,
      0.17681180464747454,
      0.16260216601710836,
      0.15223461934939445,
      0.13493548379704506
    ],
    [
      0.8077438914428945,
      0.6027414445778626,
      0.4818413170430586,
      0.397785105746762,
      0.4265465587316317,
      0.3335126221991207,
      0.30246513733779457,
      0.2587426968113523,
      0.2255018582754448,
      0.17207439580793024,
      0.1653011565940538,
      0.16373871396836148,
      0.17711434693251557,
      0.15953722721335734,
      0.14680308487177424,
      0.1547046857347179,
      0.13665437340357472
    ],
    [
      0.74913639509887,
      0.5457321567048752,
      0.4388201390993739,
      0.36119894461368374,
      0.4120573912563895,
      0.31186788318331704,
      0.2983882409876313,
      0.2634611820034474,
      0.2154166466492963,
      0.19483152746119276,
      0.16523281270647755,
      0.16979518002209978,
      0.17439722950715866,
      0.15837924211126936,
      0.13915416372744402,
      0.13861444567415032,
      0.13871588567725313
    ]
  ],
  "tau_eff": 7.515301674678959,
  "inv_tau_eff": 0.1330618574327182,
  "R2_fit": 0.9443849590707761
}