{
  "tau_sweep": {
    "test": "tau_sweep",
    "omega_0": 1.0,
    "results": [
      {
        "omega_0": 1.0,
        "tau_rad": 0.005,
        "gamma": 0.005,
        "sigma_fdt": 0.07071067811865475,
        "tau_relax": 200.0,
        "N_realiz": 20,
        "T_total": 8000.0,
        "dt": 0.02,
        "boyer_pred": 0.5,
        "x2_mean": 0.4403831374201224,
        "x2_sem": 0.028998971717530984,
        "v2_mean": 0.4406538506800546,
        "v2_sem": 0.02894561528057943,
        "x2_all": [
          0.38586975730143663,
          0.3119985358436582,
          0.7190876151590573,
          0.4819270377441813,
          0.4307280890899458,
          0.32460955069818737,
          0.3318049582723221,
          0.6314500814003401,
          0.3253535537816432,
          0.76528885200644,
          0.4383564174106345,
          0.3546247401405861,
          0.3557572046723205,
          0.436401592924143,
          0.4134993105913646,
          0.3734551304364784,
          0.4299012578577661,
          0.5090735898982898,
          0.46936335543664065,
          0.3191121177370111
        ],
        "v2_all": [
          0.38606558134500263,
          0.3114528268684307,
          0.7173414683386494,
          0.48216143132353223,
          0.43149843186705156,
          0.3251521960480601,
          0.33264566539760476,
          0.633504941639607,
          0.32650512759929057,
          0.7642930280190007,
          0.4388384416762656,
          0.35424637337931003,
          0.354993134615586,
          0.4371643025621957,
          0.41451113788495175,
          0.3737487787323912,
          0.43056267371949214,
          0.5097495296452721,
          0.4692477402668422,
          0.3193942026725549
        ],
        "error_pct": 11.923372515975517,
        "z_score": -2.0558267776038734,
        "equip_ratio": 1.000614722129276,
        "elapsed_s": 9.153157472610474
      },
      {
        "omega_0": 1.0,
        "tau_rad": 0.01,
        "gamma": 0.01,
        "sigma_fdt": 0.1,
        "tau_relax": 100.0,
        "N_realiz": 20,
        "T_total": 4000.0,
        "dt": 0.02,
        "boyer_pred": 0.5,
        "x2_mean": 0.5025196391483966,
        "x2_sem": 0.03357556617545187,
        "v2_mean": 0.5029541375169125,
        "v2_sem": 0.03367359196384562,
        "x2_all": [
          0.2934966906342793,
          0.5423263776883706,
          0.39540559332946656,
          0.24722330319850794,
          0.37971327654254744,
          0.5033075262929717,
          0.5198277680074126,
          0.396141921653401,
          0.46101159989321966,
          0.6350508235637333,
          0.5541321170156811,
          0.6106952035741663,
          0.7633594559013229,
          0.665112186038496,
          0.5578987304129518,
          0.5529805244776256,
          0.4114580308765425,
          0.27939210514068635,
          0.48340914717548233,
          0.7984504015510694
        ],
        "v2_all": [
          0.2946924789000577,
          0.5409081457624201,
          0.3965100080121914,
          0.24864461130966978,
          0.3784598044187558,
          0.5043292705082961,
          0.5196344155382198,
          0.39543885061146494,
          0.46174650450465654,
          0.6332966418887381,
          0.5557847754949791,
          0.6124528028627132,
          0.766525979010279,
          0.6678806471605766,
          0.5585834661516137,
          0.5532232640484672,
          0.410908702702514,
          0.27725272382695754,
          0.48453057220509144,
          0.7982790854205862
        ],
        "error_pct": 0.5039278296793182,
        "z_score": 0.07504383203041194,
        "equip_ratio": 1.000864639577574,
        "elapsed_s": 4.506030082702637
      },
      {
        "omega_0": 1.0,
        "tau_rad": 0.02,
        "gamma": 0.02,
        "sigma_fdt": 0.1414213562373095,
        "tau_relax": 50.0,
        "N_realiz": 20,
        "T_total": 2000.0,
        "dt": 0.02,
        "boyer_pred": 0.5,
        "x2_mean": 0.44534994553448126,
        "x2_sem": 0.030250688204995324,
        "v2_mean": 0.44448099711279543,
        "v2_sem": 0.030622674119397085,
        "x2_all": [
          0.23273694663654387,
          0.31907383056017397,
          0.45424031431855766,
          0.4601587815699513,
          0.5200517209351637,
          0.4815609970479775,
          0.7900864878838166,
          0.35592925866607905,
          0.36284606342672177,
          0.5507744562835856,
          0.4296442896046487,
          0.5100134504718131,
          0.4877812356518065,
          0.2764316694683272,
          0.29311292514363907,
          0.44045783798363386,
          0.6831937577792595,
          0.3098906635956978,
          0.4798958071751921,
          0.46911841648703545
        ],
        "v2_all": [
          0.23659634898470958,
          0.31770171600236535,
          0.4521190695882436,
          0.457475717628266,
          0.5210831290034259,
          0.475699882672274,
          0.7999767872544722,
          0.353806272783499,
          0.35894898273970377,
          0.5471179591688086,
          0.4297586484964014,
          0.5132522125040356,
          0.48397217293261635,
          0.2769451005379145,
          0.29416435069211716,
          0.43434819276405995,
          0.6854512389475459,
          0.3017767581243439,
          0.4763642419816529,
          0.47306115944945154
        ],
        "error_pct": 10.930010893103749,
        "z_score": -1.8065722701969578,
        "equip_ratio": 0.9980488412979528,
        "elapsed_s": 2.2473769187927246
      },
      {
        "omega_0": 1.0,
        "tau_rad": 0.05,
        "gamma": 0.05,
        "sigma_fdt": 0.22360679774997896,
        "tau_relax": 20.0,
        "N_realiz": 20,
        "T_total": 800.0,
        "dt": 0.02,
        "boyer_pred": 0.5,
        "x2_mean": 0.4677607546422865,
        "x2_sem": 0.028373505684336494,
        "v2_mean": 0.46909853347369423,
        "v2_sem": 0.027534276304473363,
        "x2_all": [
          0.4406526341698096,
          0.38834360235367854,
          0.29080384822534305,
          0.3529260236591507,
          0.4775590240582985,
          0.28055892096354307,
          0.6629414302589948,
          0.4716141521102242,
          0.43452202022050423,
          0.24102118837114267,
          0.5177043781801093,
          0.4457033893440037,
          0.6801559122800162,
          0.3647998398713198,
          0.66842154453226,
          0.47243758352973053,
          0.47700561347929854,
          0.5908972732113323,
          0.5228595379484544,
          0.5742871760785163
        ],
        "v2_all": [
          0.4506971645189656,
          0.3790931184301354,
          0.30110562070927177,
          0.36448609697228124,
          0.47542799243856854,
          0.2890142790972254,
          0.6683156375439643,
          0.47833962056622487,
          0.44642960682688315,
          0.2428286159541035,
          0.5206643084042292,
          0.4319590345971576,
          0.6595062618895244,
          0.3755736006556388,
          0.6753944761063796,
          0.48397745197025677,
          0.4738784149842404,
          0.5805333277811623,
          0.5146872879593742,
          0.5700587520682979
        ],
        "error_pct": 6.4478490715426995,
        "z_score": -1.1362446965977515,
        "equip_ratio": 1.002859963812977,
        "elapsed_s": 0.9060876369476318
      },
      {
        "omega_0": 1.0,
        "tau_rad": 0.1,
        "gamma": 0.1,
        "sigma_fdt": 0.31622776601683794,
        "tau_relax": 10.0,
        "N_realiz": 20,
        "T_total": 400.0,
        "dt": 0.02,
        "boyer_pred": 0.5,
        "x2_mean": 0.499374769711999,
        "x2_sem": 0.03633928562539875,
        "v2_mean": 0.5038245049170784,
        "v2_sem": 0.03584823560430955,