{
  "lambda": 0.2,
  "epsilon_cg": 0.19634954084936207,
  "n_particles": 2000,
  "n_realizations": 20,
  "omega_max": 3.0,
  "zpf_scale": 1.0,
  "t_final": 12.566370614359172,
  "times": [
    0.0,
    0.7860000000000006,
    1.5720000000000012,
    2.357999999999962,
    3.1439999999998753,
    3.9299999999997888,
    4.715999999999703,
    5.501999999999616,
    6.2879999999995295,
    7.073999999999443,
    7.859999999999356,
    8.645999999999557,
    9.43199999999982,
    10.218000000000082,
    11.004000000000344,
    11.790000000000607,
    12.566000000000866
  ],
  "hbar_mean": [
    0.7632835644515248,
    0.5634795498487633,
    0.4647694246758308,
    0.3892914492754906,
    0.42286740593084715,
    0.32954985156628436,
    0.31767610883530667,
    0.28208674916514254,
    0.2347423520426914,
    0.21700352529430486,
    0.20579690302532766,
    0.18655505265469574,
    0.19059941339603498,
    0.17816713422552605,
    0.17641812756417782,
    0.1746729810542374,
    0.15700612038057174
  ],
  "hbar_std": [
    0.021609656045947764,
    0.026668861203857502,
    0.018716238129005063,
    0.032242157040367994,
    0.02928917455680725,
    0.02795821235053712,
    0.03609636723923029,
    0.03154107155812444,
    0.028740446529355413,
    0.02233290171532465,
    0.03095418968391161,
    0.022671402074661843,
    0.03306499900817169,
    0.022666205499631702,
    0.025547536250315164,
    0.020929501614015997,
    0.017913068910098546
  ],
  "hbar_all": [
    [
      0.7483423012210122,
      0.5285232577974719,
      0.4439795441850676,
      0.3733833722976768,
      0.4302697344907155,
      0.3173858807068262,
      0.25959653649983927,
      0.22380753581219384,
      0.2015713988845887,
      0.19452977821245837,
      0.19307336315064372,
      0.19424219301002604,
      0.1783490209539067,
      0.16289787837060932,
      0.16150656097697216,
      0.16257748509668918,
      0.16522441154256373
    ],
    [
      0.78261053229905,
      0.5942308010035459,
      0.4861393019334501,
      0.4109498300605845,
      0.4626521186333186,
      0.35441054697711877,
      0.3251455584668458,
      0.2649225235540088,
      0.2529857700545501,
      0.21506830948270667,
      0.2517644480795722,
      0.20488329703407038,
      0.24942532517179025,
      0.1943830676364568,
      0.19923757579148058,
      0.19048222650075386,
      0.17530992019338112
    ],
    [
      0.7461673137053642,
      0.5740946558292775,
      0.469349687534512,
      0.41020127725929745,
      0.4144914447396616,
      0.37752603636047954,
      0.3508957418519686,
      0.28456738115235664,
      0.2500168379269264,
      0.23233872497173638,
      0.26452618759115776,
      0.21742000116635266,
      0.2715988311262916,
      0.22071850707127857,
      0.20089649004346194,
      0.1964109434238179,
      0.16581232355343095
    ],
    [
      0.8077438914428945,
      0.6018909878601704,
      0.49114403615841495,
      0.38801913349894446,
      0.4383158077117996,
      0.3330922869121409,
      0.3499022698300954,
      0.29872540506887213,
      0.2564011973539771,
      0.22425372820999145,
      0.23794982491110478,
      0.23375725814144122,
      0.22215086171763815,
      0.20740151210310254,
      0.2088744154178705,
      0.2099526029995788,
      0.1923165526356131
    ],
    [
      0.74913639509887,
      0.5761314844839867,
      0.43673558142342184,
      0.36948160570121724,
      0.42809904466741183,
      0.32264042421412503,
      0.3080946971850033,
      0.24422082354620148,
      0.1899763058990057,
      0.2092434668375635,
      0.1830133776158722,
      0.15331556040921895,
      0.1521908800430127,
      0.1625899226085863,
      0.1524639849702702,
      0.16670669927760656,
      0.1411757043837816
    ],
    [
      0.7772044795052601,
      0.5942685132584613,
      0.47086890512966073,
      0.46448349207009126,
      0.4690690879348662,
      0.3370153303866992,
      0.35189052713172014,
      0.33864850431660987,
      0.2752176404100375,
      0.25532164503901145,
      0.2517121990430128,
      0.2177584048393387,
      0.19756592289257122,
      0.18173102283186915,
      0.17209591305522728,
      0.1580870072345295,
      0.1404072062032344
    ],
    [
      0.7410934463346237,
      0.5377189589124405,
      0.4756753667721147,
      0.3667322289383126,
      0.40329685579691443,
      0.2991038452469505,
      0.3266775682531604,
      0.2989828810695393,
      0.2195426437659751,
      0.19491682404493793,
      0.2178392376483707,
      0.16899249332932778,
      0.14819113928025718,
      0.14591612463546044,
      0.138447625493728,
      0.16478672753868187,
      0.1482952039765077
    ],
    [
      0.7848411848658056,
      0.5036618691165268,
      0.4655605344375154,
      0.38062794647220227,
      0.41960308226926185,
      0.37290963094401525,
      0.3213595145289519,
      0.309788644218625,
      0.25220312317702476,
      0.26738875796241024,
      0.2026092895919403,
      0.17868140412068437,
      0.20442669521891435,
      0.19091578464947634,
      0.18330146521036741,
      0.18999377703878342,
      0.1755264466477874
    ],
    [
      0.7573417334096543,
      0.5753786206669769,
      0.4553505030244558,
      0.3246490323079301,
      0.36582221835361045,
      0.30056382213984106,
      0.27459470112174195,
      0.2539883106345694,
      0.20940969829329084,
      0.20255266548194925,
      0.19517212729190472,
      0.19180791982497922,
      0.17290617976625103,
      0.16812677176309573,
      0.15517303492014564,
      0.16547727707723742,
      0.1447167549117953
    ],
    [
      0.7865685741171107,
      0.5783401199644014,
      0.431353078084296,
      0.37666045787704594,
      0.4246828520616433,
      0.31887730555428107,
      0.3234545142628934,
      0.3086544301435059,
      0.28345061925270276,
      0.2578574823844691,
      0.2546236393832931,
      0.20843700837639356,
      0.23055691869418576,
      0.20465450611715197,
      0.21528444664827295,
      0.20121160323479895,
      0.18660089749518396
    ],
    [
      0.7289890309668363,
      0.5779792991615844,
      0.47292849950646093,
      0.42165715530724457,
      0.43031743390278665,
      0.3504267945554269,
      0.3430184183251923,
      0.2993818171445867,
      0.2554331594089866,
      0.22317864278671914,
      0.19167067842156849,
      0.18454181958243088,
      0.17306501731810403,
      0.17790761449350476,
      0.17672921938188446,
      0.16949354192555932,
      0.16732041622084004
    ],
    [
      0.7650635111583284,
      0.5363385833235309,
      0.476437349792263,
      0.40372681588793025,
      0.43081252350071975,
      0.2779700714581005,
      0.25311061776120536,
      0.26748712511588413,
      0.1985790513162558,
      0.18396394232893928,
      0.18474042800249577,
      0.1748763359917988,
      0.16513717859711993,
      0.14249687107046768,
      0.1333537298870856,
      0.13134642062065188,
      0.1259752573225391
    ],
    [
      0.790544676527251,
      0.5892465629274184,
      0.46605307496954373,
      0.36447962498785513,
      0.38688077288524564,
      0.30797248361030805,
      0.2740983523095477,
      0.2811890090939576,
      0.20767828423167514,
      0.21925277319350162,
      0.17600732929815827,
      0.17188479615212615,
      0.18528785310242513,
      0.21504112513830714,
      0.20063932751384345,
      0.20235248792262828,
      0.1603085349314573
    ],
    [
      0.7363686681044874,
      0.528708461008571,
      0.42937192911586863,
      0.3563766646289923,
      0.40883115884029314,
      0.3105920759104899,
      0.3026966128743649,
      0.25679034081433333,
      0.18924033762571763,
      0.19814589533146845,
      0.18183999561390699,
      0.16503619815699652,
      0.21701751083001777,
      0.1795067522452948,
      0.18227897467053375,
      0.18845504885020278,
      0.16197381361746743
    ],
    [
      0.7404801960391212,
