{
  "lambda": 0.03,
  "epsilon_cg": 0.19634954084936207,
  "n_particles": 2000,
  "n_realizations": 20,
  "omega_max": 3.0,
  "zpf_scale": 1.0,
  "t_final": 12.566370614359172,
  "times": [
    0.0,
    0.7860000000000006,
    1.5720000000000012,
    2.357999999999962,
    3.1439999999998753,
    3.9299999999997888,
    4.715999999999703,
    5.501999999999616,
    6.2879999999995295,
    7.073999999999443,
    7.859999999999356,
    8.645999999999557,
    9.43199999999982,
    10.218000000000082,
    11.004000000000344,
    11.790000000000607,
    12.566000000000866
  ],
  "hbar_mean": [
    0.7632835644515248,
    0.5683983794879209,
    0.450582767394798,
    0.372049021915327,
    0.40154665896339836,
    0.32209824907357637,
    0.3057477032235039,
    0.25517316759718234,
    0.20765667983669847,
    0.17250553724644224,
    0.1649419842513068,
    0.14071483638921875,
    0.14201778371852208,
    0.1341916880713287,
    0.12772143959663979,
    0.11978181982451472,
    0.11066422769298496
  ],
  "hbar_std": [
    0.021609656045947764,
    0.018626431750926736,
    0.014928785906980888,
    0.016410223447517625,
    0.013418206543087213,
    0.01177686834038443,
    0.013015375483170817,
    0.012877323040007091,
    0.011105734389648713,
    0.008709195068680987,
    0.010129411276473136,
    0.007915217739199195,
    0.008638440423387263,
    0.0104771576714413,
    0.009486695656376354,
    0.009670691237307478,
    0.011408506347061904
  ],
  "hbar_all": [
    [
      0.7483423012210122,
      0.5506852427554577,
      0.46056680540872474,
      0.36779042779566906,
      0.38986675212648214,
      0.32459271732566586,
      0.28852001523195,
      0.2400103452115199,
      0.2038997220875682,
      0.17687204426298803,
      0.17273458996212082,
      0.1394849374707885,
      0.1360455459745074,
      0.1293828783854152,
      0.1347621868488559,
      0.13034579540033575,
      0.11199268261083839
    ],
    [
      0.78261053229905,
      0.5843950838096659,
      0.4661438739653312,
      0.3843256012725116,
      0.4117917872955365,
      0.33294620459618607,
      0.3157429782062431,
      0.25787712072828617,
      0.20304399707716903,
      0.16593224464254963,
      0.1748897221951591,
      0.15670997850707544,
      0.15979398742215836,
      0.16332810961129474,
      0.13747352388363787,
      0.1275376607410538,
      0.10795146843580451
    ],
    [
      0.7461673137053642,
      0.5660483047769173,
      0.461066654747914,
      0.36462131968527256,
      0.4130771065652087,
      0.330513986630927,
      0.3396870181426289,
      0.2536394180552206,
      0.22066072847235113,
      0.18888797241600302,
      0.17118956521843903,
      0.15517233592336516,
      0.14976546864544332,
      0.1509763209992176,
      0.1306263045896317,
      0.13554676251202824,
      0.1303352544959528
    ],
    [
      0.8077438914428945,
      0.6115866648006486,
      0.47374495298235486,
      0.37779898343004437,
      0.40744707946245856,
      0.3127252173892374,
      0.2960656732318797,
      0.2540838869273395,
      0.2167801785042352,
      0.17681350337383445,
      0.16987142327744403,
      0.14870369147272708,
      0.1514431314374744,
      0.12700918030068423,
      0.1424256685967797,
      0.12096822226481845,
      0.10640280757666733
    ],
    [
      0.74913639509887,
      0.550805554413478,
      0.4266700943472794,
      0.330491113431034,
      0.38702260987106757,
      0.32817536709652523,
      0.2990919464289356,
      0.24535621147766723,
      0.2039997646019394,
      0.1637634110025012,
      0.165794610353661,
      0.14195528743167016,
      0.15214147713799803,
      0.1382569135950193,
      0.1310879560502191,
      0.1146670479785344,
      0.09651276328355751
    ],
    [
      0.7772044795052601,
      0.589185889416092,
      0.45704187693602016,
      0.4066745536276274,
      0.4132667833976617,
      0.3153711165413736,
      0.31061559330949684,
      0.26342224460610364,
      0.2247395512741499,
      0.16335134517460215,
      0.16857745951006708,
      0.13656672187589153,
      0.13928485526043216,
      0.13154583565565714,
      0.1174751085271748,
      0.10437452248488466,
      0.09108969852160843
    ],
    [
      0.7410934463346237,
      0.542471410143075,
      0.4339494241030223,
      0.38210120762603017,
      0.3843919578920445,
      0.30859685059770947,
      0.2869009200597674,
      0.2571231316535323,
      0.2126336632704322,
      0.16894174132287074,
      0.16770895646142997,
      0.14363823954131905,
      0.14080223155890104,
      0.1159737429224573,
      0.11938164155133427,
      0.1161150450959954,
      0.11032575458894298
    ],
    [
      0.7848411848658056,
      0.5527009018422897,
      0.44568679113592186,
      0.36363915511991013,
      0.3963681913350944,
      0.3118565697596155,
      0.3031465305917312,
      0.254673954318672,
      0.19910502795070695,
      0.17555920321356558,
      0.16368737620920584,
      0.1478410464223896,
      0.15141180309755198,
      0.13152220249631086,
      0.12330737050138574,
      0.12024699904507619,
      0.11038196396794672
    ],
    [
      0.7573417334096543,
      0.5723511998173898,
      0.45990852051394704,
      0.37036518353902104,
      0.41851302815512137,
      0.31454937686353424,
      0.29976288246711125,
      0.24065318186587265,
      0.20487667674791693,
      0.1682924328408259,
      0.16028196803699352,
      0.14076284459974003,
      0.13569324599599333,
      0.12674414475802545,
      0.11523976086613288,
      0.13255445089769347,
      0.11754709881477156
    ],
    [
      0.7865685741171107,
      0.5667142248253842,
      0.4395696513596785,
      0.3760243199721172,
      0.4052180720139703,
      0.3183501647581362,
      0.3155695070741748,
      0.26791631769402113,
      0.21962183723956358,
      0.18911474625446667,
      0.17142158962754392,
      0.13806991409792435,
      0.14785304425023302,
      0.14636639725821562,
      0.1369265593645384,
      0.11827442895000692,
      0.10830860376910798
    ],
    [
      0.7289890309668363,
      0.5690867615820653,
      0.4526528143970281,
      0.3820460230620523,
      0.411663346600292,
      0.3267817873721806,
      0.3061907992010646,
      0.27536656795932435,
      0.21131263751307838,
      0.1738458440889946,
      0.17427373951173009,
      0.14277933939921145,
      0.14540427855034532,
      0.13453134335574396,
      0.14792836125007136,
      0.12982609435946119,
      0.1392916610208269
    ],
    [
      0.7650635111583284,
      0.5483261685965793,
      0.46597042584268855,
      0.37012999101273325,
      0.39712192040770633,
      0.30266434925353647,
      0.2927281322484949,
      0.2413422556542717,
      0.18019500741723588,
      0.1539309464050202,
      0.13474683049887612,
      0.13107962431587628,
      0.13242914227850305,
      0.12931760192957115,
      0.12063125330500887,
      0.12279243220703853,
      0.10646313697265543
    ],
    [
      0.790544676527251,
      0.6048644587131312,
      0.4747017563896634,
      0.3633823808996373,
      0.4072315046709159,
      0.33679510602261203,
      0.30948282644359815,
      0.25096303599538555,
      0.20224192315068387,
      0.1689638101111961,
      0.15320199972042353,
      0.13500848959499212,
      0.1428936663715086,
      0.12653950873362116,
      0.12947824770410288,
      0.11461917935078983,
      0.11429028873475933
    ],
    [
      0.7363686681044874,
      0.5418520077955539,
      0.41911797480406204,
      0.34201582197805064,
      0.365188136463458,
      0.3016911697350513,
      0.285624565726324,
      0.23872931219110438,
      0.18295221668129177,
      0.15848645941368805,
      0.15900325199604537,
      0.14735097635931788,
      0.13522535724719809,
      0.12460083233319802,
      0.10792778090998492,
      0.10257878857593032,
      0.09896819203360391
    ],
    [
      0.7404801960391212,
