{
  "lambda": 0.02,
  "epsilon_cg": 0.19634954084936207,
  "n_particles": 2000,
  "n_realizations": 20,
  "omega_max": 3.0,
  "zpf_scale": 1.0,
  "t_final": 12.566370614359172,
  "times": [
    0.0,
    0.7860000000000006,
    1.5720000000000012,
    2.357999999999962,
    3.1439999999998753,
    3.9299999999997888,
    4.715999999999703,
    5.501999999999616,
    6.2879999999995295,
    7.073999999999443,
    7.859999999999356,
    8.645999999999557,
    9.43199999999982,
    10.218000000000082,
    11.004000000000344,
    11.790000000000607,
    12.566000000000866
  ],
  "hbar_mean": [
    0.7632835644515248,
    0.5677169015908039,
    0.45136364197615847,
    0.37005450118574634,
    0.4040444062052414,
    0.3210516388072265,
    0.3039908802756267,
    0.25715200879753713,
    0.21048146181279534,
    0.17142524749579305,
    0.16275063442867152,
    0.14203443739037552,
    0.13904062313601367,
    0.131453740039077,
    0.12543648499747467,
    0.11900852946856608,
    0.11475843478500844
  ],
  "hbar_std": [
    0.021609656045947764,
    0.018325173983078806,
    0.015037997413192655,
    0.015531237146220164,
    0.014301886815419185,
    0.011215021570879107,
    0.014996834202678597,
    0.01242056462975366,
    0.010928071267641424,
    0.010185217552483677,
    0.007892322745174785,
    0.008361089101547774,
    0.009096672327266984,
    0.009655437156645729,
    0.01020500217060308,
    0.010002976052754032,
    0.009536596247165243
  ],
  "hbar_all": [
    [
      0.7483423012210122,
      0.551812971251074,
      0.46662978543937644,
      0.3616091998344157,
      0.38468730054030414,
      0.3222378328864459,
      0.30957752750462686,
      0.2612167849574456,
      0.23029877877862184,
      0.18619494767305567,
      0.17746080538739062,
      0.13220273366081617,
      0.14265338086433352,
      0.11949094459501938,
      0.10537138716678568,
      0.12295151870848717,
      0.11878082568815973
    ],
    [
      0.78261053229905,
      0.5814793868064551,
      0.4591844161507568,
      0.37653768383692077,
      0.4158961797466549,
      0.34335794471213077,
      0.3090450907005951,
      0.2705966594888998,
      0.21194546828500754,
      0.16086807499778566,
      0.16154221974840932,
      0.14554002580162764,
      0.14069988315136397,
      0.14268076827673673,
      0.11189099273768421,
      0.12417729247399772,
      0.11549321711064754
    ],
    [
      0.7461673137053642,
      0.5669193974098151,
      0.46479343413756347,
      0.36607683347443354,
      0.40753667847420777,
      0.33525290687057885,
      0.3227353678981336,
      0.27533092703382556,
      0.22634572235768832,
      0.19560849435333322,
      0.1733062053140526,
      0.14821769472646093,
      0.1497788877598491,
      0.16162307856251223,
      0.1511796276395981,
      0.1341408340149219,
      0.1363455307760839
    ],
    [
      0.8077438914428945,
      0.611233157478472,
      0.4759345200998405,
      0.38197107161861876,
      0.4092206235786125,
      0.3144237245751364,
      0.29447534872377007,
      0.2617703107521277,
      0.20708642769274202,
      0.17724122195433417,
      0.16007916700557293,
      0.13938564129418152,
      0.14133853076076902,
      0.1288839098484318,
      0.12264003013980515,
      0.1270201906597009,
      0.11414510277956803
    ],
    [
      0.74913639509887,
      0.5482774258102483,
      0.43000287685188204,
      0.32871737624944575,
      0.38360664097042085,
      0.3290778215208816,
      0.2991695951458487,
      0.2536073072283143,
      0.19706665923719596,
      0.15623902280233637,
      0.14897543186000364,
      0.14369073648358482,
      0.13592625768376873,
      0.1269892772041522,
      0.12115457929787007,
      0.10408026467373208,
      0.11220719302981076
    ],
    [
      0.7772044795052601,
      0.5866749719276678,
      0.4512342462434088,
      0.40260564825767586,
      0.40800822808256354,
      0.3100471208345915,
      0.30303993906501236,
      0.26644122808030185,
      0.21642107152705686,
      0.16328301156494252,
      0.15633260312432748,
      0.14187830483263364,
      0.15156783767816695,
      0.12996793452640443,
      0.12736562257724343,
      0.110556738379703,
      0.1106946156212195
    ],
    [
      0.7410934463346237,
      0.5430818078899597,
      0.4319586142484656,
      0.36776758858395864,
      0.38939144973469464,
      0.3118665651491097,
      0.2788645826249207,
      0.2601231271031294,
      0.2069999920092864,
      0.1706349357027905,
      0.16430559536876138,
      0.14099576610898962,
      0.14624214264553004,
      0.11874099201872701,
      0.12034880179216753,
      0.1044020008389695,
      0.0977127243259665
    ],
    [
      0.7848411848658056,
      0.5483809299073604,
      0.4488414117421796,
      0.37438719595271397,
      0.40554476476475815,
      0.3156710945824325,
      0.30707036257918763,
      0.23965122431097463,
      0.20595226038506803,
      0.179901149214928,
      0.16078877847588535,
      0.14360781700300493,
      0.13540549697262078,
      0.13729006964648743,
      0.1183389506222643,
      0.12152132698482268,
      0.11608935855579913
    ],
    [
      0.7573417334096543,
      0.5718774979683153,
      0.4635935846733791,
      0.37175910969715237,
      0.42641824822599955,
      0.32542179670311344,
      0.3152590743763658,
      0.23815258222149843,
      0.2069993962975422,
      0.16537751964338132,
      0.16667182053830576,
      0.1519915259309512,
      0.1293780889653032,
      0.13136340738973085,
      0.11250975563236523,
      0.1131658368853561,
      0.11979310641965599
    ],
    [
      0.7865685741171107,
      0.5699720483969448,
      0.43825982306568123,
      0.37431156014022915,
      0.4169528631162892,
      0.307886527573365,
      0.3219535762511767,
      0.2690860819241323,
      0.21213495089601198,
      0.16486362774914137,
      0.15820067334384347,
      0.12664538138794865,
      0.13532485430295274,
      0.13368346254475047,
      0.13000248983641488,
      0.11955560192563573,
      0.10431288859977107
    ],
    [
      0.7289890309668363,
      0.5690089393901726,
      0.45146840240873043,
      0.3822616990290104,
      0.408050474803077,
      0.32038804508624386,
      0.2960784596216346,
      0.24663140978361675,
      0.19664286021556932,
      0.16909529604116605,
      0.16606712653450661,
      0.15336726649994487,
      0.138814186199531,
      0.13409533621526154,
      0.13169303322020193,
      0.1295775303581897,
      0.13078945592615437
    ],
    [
      0.7650635111583284,
      0.5504153397396123,
      0.4762923863275613,
      0.3707361098447651,
      0.4019962026838347,
      0.3084882073232995,
      0.28588531786354315,
      0.2564216934357139,
      0.19505468630106668,
      0.1541704443606156,
      0.1413803269301232,
      0.14093717579039844,
      0.12241687310646178,
      0.12498939121104176,
      0.1219041495891466,
      0.09864239757040882,
      0.10613057746697702
    ],
    [
      0.790544676527251,
      0.6017838005478079,
      0.47100234592550294,
      0.3664397401233057,
      0.40543585233493135,
      0.3334578476230595,
      0.31362677398278105,
      0.24162215522855712,
      0.21605446303409406,
      0.17165017281513148,
      0.16439787609653103,
      0.1273551383987891,
      0.13540808247153852,
      0.12140145660727955,
      0.139801305812926,
      0.11445190264396879,
      0.129308606450112
    ],
    [
      0.7363686681044874,
      0.5385472897785114,
      0.428033716945609,
      0.3397550101140571,
      0.3722839682550856,
      0.3015461435451898,
      0.2741284267177319,
      0.23830222887704516,
      0.1865163802345826,
      0.16621969518452795,
      0.1599331380319987,
      0.15066368398647284,
      0.14015830664912854,
      0.12906666798324523,
      0.12571022007940513,
      0.12073629487002996,
      0.10403459894753234
    ],
    [
