{
  "lambda": 0.07,
  "epsilon_cg": 0.19634954084936207,
  "n_particles": 2000,
  "n_realizations": 20,
  "omega_max": 3.0,
  "zpf_scale": 1.0,
  "t_final": 12.566370614359172,
  "times": [
    0.0,
    0.7860000000000006,
    1.5720000000000012,
    2.357999999999962,
    3.1439999999998753,
    3.9299999999997888,
    4.715999999999703,
    5.501999999999616,
    6.2879999999995295,
    7.073999999999443,
    7.859999999999356,
    8.645999999999557,
    9.43199999999982,
    10.218000000000082,
    11.004000000000344,
    11.790000000000607,
    12.566000000000866
  ],
  "hbar_mean": [
    0.7632835644515248,
    0.5676615172000921,
    0.45160120144282434,
    0.37811656651819175,
    0.40604596207846805,
    0.3195854102269694,
    0.3028002303574534,
    0.2530818035591667,
    0.2085468007357035,
    0.180752677692609,
    0.16492799091851357,
    0.14812069025129024,
    0.14570292930723217,
    0.13607156005291704,
    0.13672274235176116,
    0.13002037865309804,
    0.12199505405563785
  ],
  "hbar_std": [
    0.021609656045947764,
    0.020772392243787942,
    0.012890359614660951,
    0.020144935342135562,
    0.017767076949188217,
    0.016597349576956563,
    0.02133928040904211,
    0.016644604926820475,
    0.016114909240428164,
    0.016676442436132324,
    0.013966807083864535,
    0.013540782302233578,
    0.014301766590960783,
    0.012821688415145912,
    0.01240560674193722,
    0.013153636956205602,
    0.009239912195357804
  ],
  "hbar_all": [
    [
      0.7483423012210122,
      0.5363711078222904,
      0.45110484813450735,
      0.3621304112632718,
      0.39648062897100583,
      0.32092228702246645,
      0.3089029224325967,
      0.24887526686391703,
      0.19867592708695245,
      0.17271952977431135,
      0.15874445771266166,
      0.14437402165336413,
      0.13670486780717322,
      0.12766729811298616,
      0.12362898141256477,
      0.1394208473377152,
      0.12011599994418642
    ],
    [
      0.78261053229905,
      0.5877694223721661,
      0.4645764216107303,
      0.386062950180292,
      0.42579004997142755,
      0.3342068748495755,
      0.3334010614059743,
      0.27407927140355054,
      0.22502710598542425,
      0.19545499731992994,
      0.17492452491688926,
      0.16295601076391358,
      0.1709513409505261,
      0.1612176853244186,
      0.14666420324087165,
      0.14725743501169927,
      0.13893217118302215
    ],
    [
      0.7461673137053642,
      0.5727097606193732,
      0.45944712788333253,
      0.36634845355448725,
      0.41650192847174977,
      0.3498549674402662,
      0.33849223520030136,
      0.2630795185484065,
      0.22462308572067632,
      0.19199665298120255,
      0.17761626814113862,
      0.15550051634014714,
      0.17282280934718458,
      0.1576626046536751,
      0.14063226408011087,
      0.14442790461509408,
      0.13337445927945876
    ],
    [
      0.8077438914428945,
      0.6052374534344906,
      0.47912588510065923,
      0.39924624601994774,
      0.42192345806098247,
      0.31842990668507964,
      0.2903599812036256,
      0.2569480612128504,
      0.21235046919321293,
      0.1916869579988143,
      0.1696630713299651,
      0.1559804783435134,
      0.16989511628425014,
      0.13715323844166702,
      0.14884354575868097,
      0.13693679859073105,
      0.11721492488036794
    ],
    [
      0.74913639509887,
      0.5647348257924706,
      0.43462754050224706,
      0.36002814610402156,
      0.3978040324360209,
      0.3283261363266255,
      0.292013045804263,
      0.24772641358002595,
      0.20327027892876706,
      0.17754749935620906,
      0.16164631822891817,
      0.13485655305901348,
      0.1467722318820863,
      0.13167843890224645,
      0.12288909829311032,
      0.12258743758069793,
      0.11627087419487789
    ],
    [
      0.7772044795052601,
      0.593373475791192,
      0.450336206194641,
      0.4208265798257489,
      0.44300084193461897,
      0.32429928346554165,
      0.3184446829851643,
      0.274961044086389,
      0.2323737112663646,
      0.18797977712134953,
      0.17384572345851199,
      0.15118444464233208,
      0.14099522166452258,
      0.1293685127791386,
      0.11569063797662851,
      0.11464086202733884,
      0.11730663715610576
    ],
    [
      0.7410934463346237,
      0.5436911865931914,
      0.4429128248069173,
      0.3680154907993091,
      0.3841070728698327,
      0.3200885914135796,
      0.28608622093794417,
      0.24922217047450532,
      0.20147376646609555,
      0.17544717873109913,
      0.17447385667946302,
      0.15996090798109827,
      0.14731380426598614,
      0.1302068984124785,
      0.12444365337472688,
      0.11605216386215758,
      0.12237110869794324
    ],
    [
      0.7848411848658056,
      0.5351787651600894,
      0.45963740993537416,
      0.37541920789963223,
      0.3910714126041629,
      0.298859337881607,
      0.2930495992896976,
      0.2519525956884254,
      0.18936438098126765,
      0.1727318342103502,
      0.15435566989986965,
      0.14691014685976808,
      0.13514482152322715,
      0.1269068118650876,
      0.15071869263210474,
      0.14763837710228628,
      0.11860265032258864
    ],
    [
      0.7573417334096543,
      0.5810232126194621,
      0.44851734063998067,
      0.3466430943992454,
      0.39191914087742263,
      0.29656929973557955,
      0.2721787839745015,
      0.22658873058987844,
      0.20109034174746024,
      0.16945222076230876,
      0.17763592291141672,
      0.15421241886504233,
      0.14625116543378808,
      0.13313936058246995,
      0.13503769720137074,
      0.14514550093092232,
      0.13030073830221645
    ],
    [
      0.7865685741171107,
      0.5759304323312923,
      0.44072384023963984,
      0.38715630077979374,
      0.4056490514313076,
      0.3279863484156611,
      0.3188331567121482,
      0.27451770518373775,
      0.24530889926526328,
      0.2159933129200247,
      0.1958225295874425,
      0.15659892820223775,
      0.16565083056916802,
      0.15274875725312112,
      0.1690786089584369,
      0.14017856340217394,
      0.12702951300432916
    ],
    [
      0.7289890309668363,
      0.5738504115252757,
      0.4646886596138362,
      0.39054521283765187,
      0.4154952932847078,
      0.3234470171267237,
      0.30458565933502735,
      0.2454300382645866,
      0.20492647618926024,
      0.18543351733370617,
      0.1627582948323105,
      0.1728598406322847,
      0.14920235828545483,
      0.1428587868929478,
      0.1481950675370691,
      0.14341368628037135,
      0.1323492424337984
    ],
    [
      0.7650635111583284,
      0.5459103018541879,
      0.4608823633246154,
      0.38280292620053125,
      0.4056612604013357,
      0.29252804606318034,
      0.26833663843812683,
      0.23370421283076048,
      0.18602682440143078,
      0.150133482900832,
      0.1374253132666172,
      0.1425443025922336,
      0.14091577477106884,
      0.12688358848051115,
      0.13277775387292803,
      0.10636474780355362,
      0.10969662340686138
    ],
    [
      0.790544676527251,
      0.604137207149315,
      0.46995808161661573,
      0.3660203933917503,
      0.40611666838493155,
      0.31727915320846306,
      0.28046323891828695,
      0.24170395147918938,
      0.18932533301538435,
      0.14504828825226562,
      0.1479885685910342,
      0.13472563131359588,
      0.13466952779819263,
      0.12149321477526019,
      0.13302284027474728,
      0.10921241539989242,
      0.11700772867708158
    ],
    [
      0.7363686681044874,
      0.5408719413770916,
      0.4247874043535229,
      0.34105837766518216,
      0.3603534566115036,
      0.2982163309909651,
      0.28713031054068955,
      0.2235609747497822,
      0.1914647128659898,
      0.16617356699401797,
      0.1566145915657002,
      0.12034869258418397,
      0.1390759635639711,
      0.12763426056711996,
      0.1324790586632671,
      0.12265717221429459,
      0.1050198741268834
    ],
    [
