{
  "lambda": 0.1,
  "epsilon_cg": 0.19634954084936207,
  "n_particles": 2000,
  "n_realizations": 5,
  "t_final": 12.566370614359172,
  "times": [
    0.0,
    0.7860000000000006,
    1.5720000000000012,
    2.357999999999962,
    3.1439999999998753,
    3.9299999999997888,
    4.715999999999703,
    5.501999999999616,
    6.2879999999995295,
    7.073999999999443,
    7.859999999999356,
    8.645999999999557,
    9.43199999999982,
    10.218000000000082,
    11.004000000000344,
    11.790000000000607,
    12.566000000000866
  ],
  "hbar_mean": [
    0.7668000867534382,
    0.6568847831841592,
    0.5782411079165295,
    0.519410676106329,
    0.6775449121434229,
    0.5372313156437973,
    0.5956200916384031,
    0.5373569859237309,
    0.48110242435383643,
    0.48392245808731715,
    0.4662864519385591,
    0.4752541543798799,
    0.5162856171419122,
    0.4631404250756567,
    0.4610711151307904,
    0.5185999403824058,
    0.497902901626024
  ],
  "hbar_std": [
    0.02451437335148964,
    0.035857919767111696,
    0.04088457799831653,
    0.06723172612001944,
    0.11101227794174026,
    0.03924687710595232,
    0.05380513137490489,
    0.051229694478098255,
    0.04705506512966663,
    0.04533827064705544,
    0.03973957219333452,
    0.06280847564686944,
    0.026034688261091482,
    0.058040989646030376,
    0.04279776599905186,
    0.06603747032509069,
    0.079165062279825
  ],
  "hbar_all": [
    [
      0.7483423012210122,
      0.6655576881680567,
      0.534623832474747,
      0.43201609721481643,
      0.5165082518485508,
      0.5026411221043952,
      0.5100980255063478,
      0.48789338765294576,
      0.4668188185700832,
      0.5052995229304742,
      0.4362608509633431,
      0.5143707733064649,
      0.513119501508452,
      0.5703428006903695,
      0.49381023217805087,
      0.6229582203215063,
      0.5743745592708429
    ],
    [
      0.78261053229905,
      0.7014062853074003,
      0.5588287215241179,
      0.5076604100856765,
      0.6663649121352879,
      0.6038166548608753,
      0.5901920995827964,
      0.46840137865118303,
      0.427188402398667,
      0.4287601687897271,
      0.40578256179227506,
      0.362656899866183,
      0.5462776904922928,
      0.4073004550867537,
      0.3785120039424228,
      0.42878275154930756,
      0.3956883233616394
    ],
    [
      0.7461673137053642,
      0.6643716402683858,
      0.6455590351045477,
      0.6195365983586377,
      0.8650107088446589,
      0.5562463120986255,
      0.6796661439369751,
      0.5498403158048804,
      0.5005374865090257,
      0.5060798867310085,
      0.4783117881174938,
      0.5149281279598505,
      0.5456333244527285,
      0.47360928091252374,
      0.4931189534369147,
      0.47444425712622107,
      0.47279120370461625
    ],
    [
      0.8077438914428945,
      0.6617180595791664,
      0.60382366091719,
      0.46993563860776766,
      0.6576496899949875,
      0.4974274590568145,
      0.5943868858111915,
      0.5815543407554289,
      0.44894373424118345,
      0.43397175071900096,
      0.4981951421821999,
      0.45110384920168023,
      0.48370167630844085,
      0.4425248288124016,
      0.476491661109784,
      0.5182625503427776,
      0.44234839963570843
    ],
    [
      0.74913639509887,
      0.5913702425977867,
      0.548370289562045,
      0.5679046362647465,
      0.6821909978936292,
      0.5260250300982763,
      0.6037573033547052,
      0.599095506754217,
      0.562023680050223,
      0.5455009612663752,
      0.5128819166374836,
      0.5332111215652207,
      0.4926958929476466,
      0.4219247598762348,
      0.46342272498677983,
      0.5485519225722164,
      0.6043120221573133
    ]
  ],
  "tau_eff": 35.26344296523918,
  "inv_tau_eff": 0.028357979706795693,
  "R2_fit": 0.5784478338049528
}