{
  "lambda": 0.1,
  "epsilon_cg": 0.19634954084936207,
  "n_particles": 2000,
  "n_realizations": 5,
  "omega_max": 3.0,
  "zpf_scale": 1.0,
  "t_final": 12.566370614359172,
  "times": [
    0.0,
    0.7860000000000006,
    1.5720000000000012,
    2.357999999999962,
    3.1439999999998753,
    3.9299999999997888,
    4.715999999999703,
    5.501999999999616,
    6.2879999999995295,
    7.073999999999443,
    7.859999999999356,
    8.645999999999557,
    9.43199999999982,
    10.218000000000082,
    11.004000000000344,
    11.790000000000607,
    12.566000000000866
  ],
  "hbar_mean": [
    0.7668000867534382,
    0.5767107995074241,
    0.45736221992162224,
    0.3820336774895994,
    0.41846394892141586,
    0.33008483362791324,
    0.30739466901654205,
    0.2573795132206341,
    0.20813678902753968,
    0.18331398942008828,
    0.1822629715566124,
    0.15687793041777673,
    0.15929457212211648,
    0.15450575929203514,
    0.1451604559870863,
    0.14420010893527233,
    0.13331539875874315
  ],
  "hbar_std": [
    0.02451437335148964,
    0.024624407364567513,
    0.02052695263170147,
    0.01933397452559219,
    0.013983146554277,
    0.012032646178353422,
    0.020064850812214118,
    0.016538445741872486,
    0.009707712566055382,
    0.0065900381988633575,
    0.01453220687853944,
    0.010739172904327913,
    0.020850905353196007,
    0.018129320543154706,
    0.01403367186434064,
    0.01370894745098755,
    0.011132692065438687
  ],
  "hbar_all": [
    [
      0.7483423012210122,
      0.5366797587101113,
      0.4376089323670411,
      0.3682588866296599,
      0.4141552796188073,
      0.31466799832547737,
      0.29634180336354576,
      0.23526316583980433,
      0.19433555241905087,
      0.17234391092889134,
      0.16316107363912438,
      0.16296046138124226,
      0.14073222546848382,
      0.13672580997079312,
      0.13403295908731583,
      0.14370828579159886,
      0.13304887351942246
    ],
    [
      0.78261053229905,
      0.5892538563612613,
      0.47460721143864515,
      0.40059474638498216,
      0.4403483007030499,
      0.3395421157685205,
      0.322553597605332,
      0.27047793962956307,
      0.22085989209425305,
      0.1896880275537422,
      0.20207470061794183,
      0.1580293495587873,
      0.19519706088563898,
      0.17441232906742252,
      0.16235896881250447,
      0.1684167379191569,
      0.1469245215830648
    ],
    [
      0.7461673137053642,
      0.5787935601602279,
      0.4571747823243406,
      0.37175355969599333,
      0.40170966371260775,
      0.3464306421916422,
      0.3379816010241017,
      0.2630815459270048,
      0.21732319093733798,
      0.17912767783060038,
      0.19026059530012424,
      0.1659390500721363,
      0.17024958981748597,
      0.16512705990045,
      0.1530386402340963,
      0.1416237692957137,
      0.1421701600979559
    ],
    [
      0.8077438914428945,
      0.6111498334729673,
      0.4853139229033676,
      0.4094177923542348,
      0.428030951277381,
      0.3187402318841459,
      0.29791169101053694,
      0.27732527580510874,
      0.20497286401663298,
      0.1875027110838745,
      0.18782554888092412,
      0.16144766108115882,
      0.14830384275655392,
      0.1673268036626951,
      0.15242934247464768,
      0.14145922934616617,
      0.1296206619419146
    ],
    [
      0.74913639509887,
      0.5676769888325528,
      0.43210625057471674,
      0.3601434023831267,
      0.4080755492952336,
      0.33104317996978017,
      0.28218465207919396,
      0.24074963890168966,
      0.20319244567042358,
      0.18790761970333292,
      0.16799293934494744,
      0.13601312999555903,
      0.14199014168241972,
      0.12893679385881493,
      0.12394236932686722,
      0.125792522323726,
      0.11481277665135807
    ]
  ],
  "tau_eff": 7.527158674478202,
  "inv_tau_eff": 0.13285225451545593,
  "R2_fit": 0.9340787186036424
}