{
  "lambda": 0.0,
  "epsilon_cg": 0.19634954084936207,
  "n_particles": 2000,
  "n_realizations": 5,
  "t_final": 12.566370614359172,
  "times": [
    0.0,
    0.7860000000000006,
    1.5720000000000012,
    2.357999999999962,
    3.1439999999998753,
    3.9299999999997888,
    4.715999999999703,
    5.501999999999616,
    6.2879999999995295,
    7.073999999999443,
    7.859999999999356,
    8.645999999999557,
    9.43199999999982,
    10.218000000000082,
    11.004000000000344,
    11.790000000000607,
    12.566000000000866
  ],
  "hbar_mean": [
    0.7668000867534382,
    0.5680871594167721,
    0.46194916202797237,
    0.3689513555905941,
    0.4016090231037997,
    0.3287743248873147,
    0.3117354970899095,
    0.25851029548718524,
    0.2123470632955001,
    0.17163721266727863,
    0.16094488529600456,
    0.1485375818869757,
    0.13678177006081899,
    0.1387722795881492,
    0.12728184032489562,
    0.1238939217245795,
    0.12064210928696181
  ],
  "hbar_std": [
    0.02451437335148964,
    0.01955497468015048,
    0.013996523812980352,
    0.017214247876660586,
    0.018030087459671953,
    0.004443478674872589,
    0.008782164812393446,
    0.004277484335040417,
    0.010950669219911384,
    0.009696203874600035,
    0.005474589980106439,
    0.006823338838689898,
    0.005472628064493596,
    0.005082172760774792,
    0.00480415829335769,
    0.00426833249395207,
    0.005007954049698655
  ],
  "hbar_all": [
    [
      0.7483423012210122,
      0.548584341760798,
      0.4656761455305009,
      0.3719716862442229,
      0.3771944762670807,
      0.3311916529010608,
      0.3186092950812365,
      0.2578661610928735,
      0.22730654737717085,
      0.18252626332438765,
      0.167334622171214,
      0.147987096290994,
      0.1397966002812537,
      0.14858354609724253,
      0.13308634277311804,
      0.12026570994663421,
      0.11601417941360151
    ],
    [
      0.78261053229905,
      0.5816528762770834,
      0.45670419884363117,
      0.3861603529861462,
      0.4212836280170244,
      0.3349832905589825,
      0.3074982008605851,
      0.26450593279582735,
      0.21851983268260738,
      0.15748046418858724,
      0.15228500891797536,
      0.16074712149989448,
      0.12838324123103476,
      0.13639748149456116,
      0.11859796077804184,
      0.1263945588540259,
      0.12754941152242782
    ],
    [
      0.7461673137053642,
      0.5620161380955803,
      0.4688456543389305,
      0.3615589575547389,
      0.40850240998090903,
      0.323828832152942,
      0.32509611596287036,
      0.2529818623010099,
      0.20120291176899613,
      0.16780763445778552,
      0.1579700107066656,
      0.1404265799362053,
      0.13592533845683963,
      0.13835754118551402,
      0.12870841347045836,
      0.1187452873916783,
      0.1258969232968555
    ],
    [
      0.8077438914428945,
      0.5989773793288806,
      0.48018940097914076,
      0.3853291482414304,
      0.41774309154521616,
      0.3303321399748447,
      0.30637968579818553,
      0.26210179928071,
      0.2163979924921991,
      0.18264391891104284,
      0.16595784374281175,
      0.14438330552992032,
      0.13490580102695224,
      0.13416199900410047,
      0.12927458374034664,
      0.12346324704357278,
      0.11650460598226522
    ],
    [
      0.74913639509887,
      0.5492050616215183,
      0.43833041044765825,
      0.3397366329264322,
      0.38332150970876827,
      0.32353570884874333,
      0.30109418774667007,
      0.25509572196550545,
      0.19830803215652706,
      0.16772778245458986,
      0.1611769409413561,
      0.14914380617786424,
      0.14489786930801463,
      0.1363608301593277,
      0.12674190086251327,
      0.13060080538698632,
      0.11724542621965908
    ]
  ],
  "tau_eff": 6.894017875260382,
  "inv_tau_eff": 0.14505329375320639,
  "R2_fit": 0.9486099215581123
}