{
  "lambda": 0.05,
  "epsilon_cg": 0.19634954084936207,
  "n_particles": 2000,
  "n_realizations": 5,
  "t_final": 12.566370614359172,
  "times": [
    0.0,
    0.7860000000000006,
    1.5720000000000012,
    2.357999999999962,
    3.1439999999998753,
    3.9299999999997888,
    4.715999999999703,
    5.501999999999616,
    6.2879999999995295,
    7.073999999999443,
    7.859999999999356,
    8.645999999999557,
    9.43199999999982,
    10.218000000000082,
    11.004000000000344,
    11.790000000000607,
    12.566000000000866
  ],
  "hbar_mean": [
    0.7668000867534382,
    0.5958745997180964,
    0.47449261499395873,
    0.4077440926095505,
    0.489749313769636,
    0.36545949037726866,
    0.3746996503256201,
    0.3221858664017124,
    0.26362206369543434,
    0.25447927736891335,
    0.2303462744574282,
    0.24137206509985107,
    0.2595766015673118,
    0.22770496324283013,
    0.22187169964181877,
    0.22960510206092266,
    0.21410875683204628
  ],
  "hbar_std": [
    0.02451437335148964,
    0.032555693771905314,
    0.016114447512395956,
    0.029391055865905506,
    0.05382870443029415,
    0.0305340207632021,
    0.04198431388102089,
    0.04663587149658607,
    0.026021146841310787,
    0.027356957439323773,
    0.038914784708759705,
    0.04632981813666843,
    0.04006208481202641,
    0.038273612401490804,
    0.03302341617798796,
    0.03515067687853229,
    0.02437945049894149
  ],
  "hbar_all": [
    [
      0.7483423012210122,
      0.5867880890892674,
      0.45323489122728167,
      0.35776492753499056,
      0.3965246646813949,
      0.3209996168838112,
      0.3398196791337977,
      0.30396192570047303,
      0.28693371825654435,
      0.25442156101447244,
      0.23298975915588563,
      0.2505391874735582,
      0.25448262092933616,
      0.257787549408924,
      0.24788904869087006,
      0.27521608752536264,
      0.2251307611791699
    ],
    [
      0.78261053229905,
      0.6346491827561604,
      0.4810665680784304,
      0.4377316358172222,
      0.5101460652494225,
      0.36416743716310274,
      0.3502778148068271,
      0.2628374566128042,
      0.22747967108178058,
      0.22807680410954106,
      0.16049873607007903,
      0.16570667372889686,
      0.21659074171248538,
      0.16525144862500002,
      0.17154478227199071,
      0.1692768528045299,
      0.16628286641185097
    ],
    [
      0.7461673137053642,
      0.5930959053246767,
      0.4916826887085156,
      0.43079974743492766,
      0.562972616334463,
      0.4169639996411191,
      0.451584741074039,
      0.3743763757379086,
      0.2882985951617866,
      0.29490841237226956,
      0.27378769527276486,
      0.29305425678385866,
      0.3354740859215234,
      0.27394206794694687,
      0.25699035612131926,
      0.24202452082291315,
      0.22718707986605619
    ],
    [
      0.8077438914428945,
      0.6233072838499236,
      0.4891238898522977,
      0.42009990834000527,
      0.48646500930657954,
      0.3599353896524004,
      0.34429237158603127,
      0.29029983891625216,
      0.23700252454998352,
      0.22187410014120787,
      0.22615514068389947,
      0.2160527020248086,
      0.2442927114686178,
      0.23270791883697023,
      0.23827645163656963,
      0.24302408495553468,
      0.23340436939691206
    ],
    [
      0.74913639509887,
      0.5415325375704543,
      0.4573550371032684,
      0.392324243920607,
      0.49263821327632024,
      0.3652310085459098,
      0.3875236450274053,
      0.3794537350411238,
      0.27839580942707653,
      0.2731155092070757,
      0.25830004110451205,
      0.281507505488133,
      0.24704284780459623,
      0.20883583139630946,
      0.19465785948834413,
      0.21848396419627314,
      0.2185387073062423
    ]
  ],
  "tau_eff": 10.923490571588069,
  "inv_tau_eff": 0.09154582900460351,
  "R2_fit": 0.8692032174926531
}