{
  "lambda": 0.0,
  "epsilon_cg": 0.19634954084936207,
  "n_particles": 2000,
  "n_realizations": 20,
  "omega_max": 3.0,
  "zpf_scale": 1.0,
  "t_final": 12.566370614359172,
  "times": [
    0.0,
    0.7860000000000006,
    1.5720000000000012,
    2.357999999999962,
    3.1439999999998753,
    3.9299999999997888,
    4.715999999999703,
    5.501999999999616,
    6.2879999999995295,
    7.073999999999443,
    7.859999999999356,
    8.645999999999557,
    9.43199999999982,
    10.218000000000082,
    11.004000000000344,
    11.790000000000607,
    12.566000000000866
  ],
  "hbar_mean": [
    0.7632835644515248,
    0.5677396180616449,
    0.4531746208371244,
    0.37279444572829934,
    0.4062116555618032,
    0.3237942467759381,
    0.3054754439656701,
    0.25270557001881855,
    0.20858497587801667,
    0.1706270863967201,
    0.15925831828534065,
    0.1454927250846694,
    0.14044278502824284,
    0.13421773441261736,
    0.12452898352658584,
    0.12035329411650512,
    0.11506363078415476
  ],
  "hbar_std": [
    0.021609656045947764,
    0.016623062556434212,
    0.013912824585485851,
    0.01535170293982531,
    0.01557668410837319,
    0.013684113984489989,
    0.013234217992954697,
    0.013459139491328018,
    0.013137205558757442,
    0.011110715856970465,
    0.0070503590647243465,
    0.008886750101489066,
    0.007416026668801403,
    0.008053778858172515,
    0.008178936768839826,
    0.00853820208141867,
    0.006928210909468067
  ],
  "hbar_all": [
    [
      0.7483423012210122,
      0.548584341760798,
      0.4656761455305009,
      0.3719716862442229,
      0.3771944762670807,
      0.3311916529010608,
      0.3186092950812365,
      0.2578661610928735,
      0.22730654737717085,
      0.18252626332438765,
      0.167334622171214,
      0.147987096290994,
      0.1397966002812537,
      0.14858354609724253,
      0.13308634277311804,
      0.12026570994663421,
      0.11601417941360151
    ],
    [
      0.78261053229905,
      0.5816528762770834,
      0.45670419884363117,
      0.3861603529861462,
      0.4212836280170244,
      0.3349832905589825,
      0.3074982008605851,
      0.26450593279582735,
      0.21851983268260738,
      0.15748046418858724,
      0.15228500891797536,
      0.16074712149989448,
      0.12838324123103476,
      0.13639748149456116,
      0.11859796077804184,
      0.1263945588540259,
      0.12754941152242782
    ],
    [
      0.7461673137053642,
      0.5620161380955803,
      0.4688456543389305,
      0.3615589575547389,
      0.40850240998090903,
      0.323828832152942,
      0.32509611596287036,
      0.2529818623010099,
      0.20120291176899613,
      0.16780763445778552,
      0.1579700107066656,
      0.1404265799362053,
      0.13592533845683963,
      0.13835754118551402,
      0.12870841347045836,
      0.1187452873916783,
      0.1258969232968555
    ],
    [
      0.8077438914428945,
      0.5989773793288806,
      0.48018940097914076,
      0.3853291482414304,
      0.41774309154521616,
      0.3303321399748447,
      0.30637968579818553,
      0.26210179928071,
      0.2163979924921991,
      0.18264391891104284,
      0.16595784374281175,
      0.14438330552992032,
      0.13490580102695224,
      0.13416199900410047,
      0.12927458374034664,
      0.12346324704357278,
      0.11650460598226522
    ],
    [
      0.74913639509887,
      0.5492050616215183,
      0.43833041044765825,
      0.3397366329264322,
      0.38332150970876827,
      0.32353570884874333,
      0.30109418774667007,
      0.25509572196550545,
      0.19830803215652706,
      0.16772778245458986,
      0.1611769409413561,
      0.14914380617786424,
      0.14489786930801463,
      0.1363608301593277,
      0.12674190086251327,
      0.13060080538698632,
      0.11724542621965908
    ],
    [
      0.7772044795052601,
      0.5779429419027591,
      0.4533141496348754,
      0.39902423211603394,
      0.40362538428083317,
      0.30863109809247763,
      0.3137162050268868,
      0.2639878767706711,
      0.1986918889634438,
      0.16956510157925653,
      0.15886449100314093,
      0.15969795405233328,
      0.1383666456282922,
      0.13912213140982554,
      0.1226234682744429,
      0.11608706261978113,
      0.11069615516686915
    ],
    [
      0.7410934463346237,
      0.5423269063515035,
      0.4267522730201674,
      0.3714061130597489,
      0.3911966662690485,
      0.3100705951749855,
      0.28394210294903155,
      0.2627227746371677,
      0.2178099956713289,
      0.1881032002714219,
      0.16779049860823567,
      0.13951155404480847,
      0.1541187279216636,
      0.13198914735078493,
      0.13125794705766436,
      0.11762981076364264,
      0.10890181565037554
    ],
    [
      0.7848411848658056,
      0.552928070251607,
      0.455668642661741,
      0.3750020545956364,
      0.3892131150095357,
      0.3113490561111996,
      0.3016428820901834,
      0.25300700829516154,
      0.20988178294383286,
      0.18870223584342763,
      0.15411297055650736,
      0.14806069997262095,
      0.1362417904276097,
      0.13261400660144732,
      0.1245266179597595,
      0.11769070614630887,
      0.11981701317546972
    ],
    [
      0.7573417334096543,
      0.5724506631155108,
      0.45997563506951555,
      0.3806257625977433,
      0.4354926639575986,
      0.33089178257024965,
      0.30476811303603624,
      0.2517947514325631,
      0.20198577168302204,
      0.1682056633099058,
      0.1543496106896266,
      0.14948162415380103,
      0.1557234270629821,
      0.13656259915250266,
      0.13463021034917294,
      0.11737825591951759,
      0.1187869743432831
    ],
    [
      0.7865685741171107,
      0.5775279590260987,
      0.4354478316152483,
      0.3710704086156525,
      0.425560363802845,
      0.3159078735035906,
      0.30963917475664465,
      0.2642074479865126,
      0.22088445700428513,
      0.18177097488993976,
      0.1721863824094792,
      0.1614363969869491,
      0.15054865833315642,
      0.13375858232091614,
      0.12651456147997142,
      0.13523601140494795,
      0.1138283099976988
    ],
    [
      0.7289890309668363,
      0.5755503866095026,
      0.44678665755345737,
      0.3850767783458068,
      0.4071645729993474,
      0.32211284118933203,
      0.3011483501853278,
      0.2314113054453201,
      0.1891085628257411,
      0.17020876855677503,
      0.15784496268170306,
      0.15666799413564161,
      0.14409354665010787,
      0.15184709493071052,
      0.14276450635113183,
      0.12218080453991209,
      0.11822839407334867
    ],
    [
      0.7650635111583284,
      0.5546135036324054,
      0.4688971827037721,
      0.3798059492214038,
      0.407298540213891,
      0.3220905596969908,
      0.29136418474617065,
      0.24457706789625305,
      0.19381562273686165,
      0.15762923720869965,
      0.1386164949768503,
      0.13827113344221068,
      0.13402002618856385,
      0.13562818244457914,
      0.10893264327042607,
      0.09719194123848936,
      0.10399060090828122
    ],
    [
      0.790544676527251,
      0.5962426733381202,
      0.4713770282912566,
      0.3624322265366374,
      0.41162688663514607,
      0.35298171025695246,
      0.31956648047183955,
      0.2406614863129023,
      0.22020448317664273,
      0.16605334651708978,
      0.1648929483853524,
      0.1500353076567515,
      0.13518490219212864,
      0.12961650333217728,
      0.11704557720633699,
      0.11921376894152341,
      0.12064031750015425
    ],
    [
      0.7363686681044874,
      0.5384074317792233,
      0.43355131260486623,
      0.34542883718220335,
      0.38471066826442984,
      0.2975968850048102,
      0.2741538067054788,
      0.23275103163292252,
      0.19177046364547576,
      0.14870230889531977,
      0.15638203338625595,
      0.13467805203673902,
      0.1306344477879046,
      0.11161397539321122,
      0.1233670412673638,
      0.11628363716653203,
      0.1020160176805486
    ],
    [
      0.7404801960391212,
