{
  "lambda": 0.15,
  "epsilon_cg": 0.19634954084936207,
  "n_particles": 2000,
  "n_realizations": 20,
  "omega_max": 3.0,
  "zpf_scale": 1.0,
  "t_final": 12.566370614359172,
  "times": [
    0.0,
    0.7860000000000006,
    1.5720000000000012,
    2.357999999999962,
    3.1439999999998753,
    3.9299999999997888,
    4.715999999999703,
    5.501999999999616,
    6.2879999999995295,
    7.073999999999443,
    7.859999999999356,
    8.645999999999557,
    9.43199999999982,
    10.218000000000082,
    11.004000000000344,
    11.790000000000607,
    12.566000000000866
  ],
  "hbar_mean": [
    0.7632835644515248,
    0.5645529314644974,
    0.4581329435674541,
    0.38582731290846006,
    0.4140877667996293,
    0.3237743464168271,
    0.31145049550115483,
    0.2651657722783427,
    0.22306927400162796,
    0.19845636293540228,
    0.18490784896077403,
    0.16726685296484414,
    0.16984331115173934,
    0.1556845653095774,
    0.15252304508281103,
    0.1498013381995999,
    0.14046773480541355
  ],
  "hbar_std": [
    0.021609656045947764,
    0.027577421621391946,
    0.015888284974917313,
    0.025886182723694473,
    0.023173444952662797,
    0.026896677074391365,
    0.03396203963214366,
    0.022790245585233362,
    0.028113618376214348,
    0.02136056629273903,
    0.022128488009068786,
    0.020246876542177966,
    0.026269292156402353,
    0.018097980360638987,
    0.020656863682376143,
    0.017664980700860013,
    0.017442877281933018
  ],
  "hbar_all": [
    [
      0.7483423012210122,
      0.5197573902552878,
      0.4355960746152528,
      0.364790162727754,
      0.40618785489803805,
      0.29326449232166263,
      0.26227431488125474,
      0.22957317963925444,
      0.19525793810056588,
      0.17219506820714411,
      0.17595555740766855,
      0.16911968208194073,
      0.17924879338492755,
      0.14911147736211317,
      0.14944799910208498,
      0.14168495896026595,
      0.161980018879052
    ],
    [
      0.78261053229905,
      0.5961303034015695,
      0.4754548890223531,
      0.41885038681454834,
      0.4398453289470535,
      0.3598302066721709,
      0.34195117741331393,
      0.2878761518160504,
      0.27793011527781153,
      0.21987718061130018,
      0.2364461666023438,
      0.18136608665307757,
      0.23317176234204756,
      0.18186886251172033,
      0.17061909441767267,
      0.15810622065138874,
      0.14711919348667693
    ],
    [
      0.7461673137053642,
      0.5722326790472664,
      0.47117390612734994,
      0.38771435471606314,
      0.3969308810825336,
      0.34848583042819725,
      0.3481211961933186,
      0.2798175831477362,
      0.2301961056264216,
      0.20055485192478156,
      0.19747075094251404,
      0.18079096732047711,
      0.20367465604913765,
      0.17009065774279236,
      0.15788072113130802,
      0.14611763792328736,
      0.16307823543395594
    ],
    [
      0.8077438914428945,
      0.6024408172813008,
      0.4767256162920709,
      0.40331896871388484,
      0.45029114228157974,
      0.323468342925224,
      0.3336602168475824,
      0.27801499903117816,
      0.2390970672455658,
      0.21904761021104857,
      0.21557995065986432,
      0.20483001838779752,
      0.19828095800980888,
      0.18951414318580395,
      0.19849863921329014,
      0.18925491641879996,
      0.17872230072797873
    ],
    [
      0.74913639509887,
      0.5768501734872269,
      0.4419589853437326,
      0.3717388986759195,
      0.420103452975815,
      0.34550499677644886,
      0.29935839155600075,
      0.2288815395016951,
      0.19955072666567006,
      0.195124671532129,
      0.17516988062401723,
      0.14826375955082055,
      0.14686898820636013,
      0.14626759061607406,
      0.1377365576962712,
      0.13731416134368188,
      0.11335853469726699
    ],
    [
      0.7772044795052601,
      0.5983741248696267,
      0.46470626995039155,
      0.44423415107940795,
      0.4522919716595831,
      0.3488518526325689,
      0.3378341175294767,
      0.3078802140545655,
      0.2534878770842425,
      0.22403154054435567,
      0.20393400531660577,
      0.19199612043108452,
      0.17586643114414605,
      0.15792350850131018,
      0.14444493830626826,
      0.15651815819837525,
      0.1300217695640449
    ],
    [
      0.7410934463346237,
      0.52502622370664,
      0.45701038686207435,
      0.3695945644170547,
      0.3922008333353795,
      0.31292462807311416,
      0.3052412510932696,
      0.2616918283759269,
      0.2002347299542728,
      0.17990116715421842,
      0.1834733017685316,
      0.15436983792654813,
      0.14326309557439126,
      0.13640776090935244,
      0.13683667000035873,
      0.13550534714855728,
      0.12740370814762147
    ],
    [
      0.7848411848658056,
      0.5101785234089313,
      0.4430383309464568,
      0.37602498213567226,
      0.4167230580581113,
      0.34206308162740595,
      0.30287466997904533,
      0.2868123540196317,
      0.23280210638102475,
      0.244560769069823,
      0.1930635236867472,
      0.18720890866886816,
      0.1729296822706709,
      0.17878211231018792,
      0.16319150733994914,
      0.16619516087168845,
      0.15888635737842768
    ],
    [
      0.7573417334096543,
      0.5774694602354116,
      0.44335657054031663,
      0.3382565713174517,
      0.36479118660110843,
      0.2942865905625981,
      0.28381929070896716,
      0.25082313152863667,
      0.19930632243405055,
      0.19446909713947796,
      0.17856379450362947,
      0.17992104429832143,
      0.15546773527448138,
      0.14572139285960278,
      0.1527787000848807,
      0.14979706412031843,
      0.13097990422809358
    ],
    [
      0.7865685741171107,
      0.570426597639377,
      0.4358872503021931,
      0.36921216432640025,
      0.4217230107270449,
      0.31359776159469943,
      0.32577236647104,
      0.27663687229922224,
      0.2683948963556364,
      0.2196506379081216,
      0.22612961540236398,
      0.1808903087269893,
      0.20278553987843018,
      0.1808480801854902,
      0.18293872737600103,
      0.17470421886561752,
      0.16083022783943624
    ],
    [
      0.7289890309668363,
      0.5706928121730588,
      0.4596641431740327,
      0.41252750797793736,
      0.412155981031576,
      0.3540008046721731,
      0.33220601014253837,
      0.26242139590173397,
      0.22068687943010137,
      0.19784487207061205,
      0.17955995253282134,
      0.17510083882681463,
      0.17774332236256177,
      0.15937145993828636,
      0.15460933589378598,
      0.16039309527587492,
      0.15789895806134513
    ],
    [
      0.7650635111583284,
      0.5420202833626933,
      0.47306028991356897,
      0.3806630141032549,
      0.4059201164563448,
      0.27310367026414606,
      0.253607195655274,
      0.25360982982990854,
      0.16632736763212147,
      0.15253807245974496,
      0.15630226601701375,
      0.1323325925306844,
      0.1214668112534883,
      0.11000550673286663,
      0.10483832030234293,
      0.10442087974110066,
      0.11142562903241111
    ],
    [
      0.790544676527251,
      0.6036021332874287,
      0.4691685617433923,
      0.3689566724901686,
      0.3930963128713423,
      0.3064541638637708,
      0.28340176701791425,
      0.24978299599037446,
      0.1975880868990907,
      0.18273962392990106,
      0.1685448675148108,
      0.1515550875458374,
      0.1418629597233041,
      0.14687105875214318,
      0.1370321923613037,
      0.13640654749628037,
      0.12307094947775644
    ],
    [
      0.7363686681044874,
      0.5307656874653536,
      0.4309373193500461,
      0.3569160944147181,
      0.3967997451777671,
      0.3007387854123934,
      0.2811133349089164,
      0.24626668913002317,
      0.20319215104751073,
      0.18681784415831945,
      0.1601695343511066,
      0.14773081411285938,
      0.17621567154772796,
      0.14643769942114299,
      0.1478222245631074,
      0.14873983353141085,
      0.13676994806648712
    ],
    [
      0.7404801960391212,
