{
  "lambda": 0.05,
  "epsilon_cg": 0.19634954084936207,
  "n_particles": 2000,
  "n_realizations": 20,
  "omega_max": 3.0,
  "zpf_scale": 1.0,
  "t_final": 12.566370614359172,
  "times": [
    0.0,
    0.7860000000000006,
    1.5720000000000012,
    2.357999999999962,
    3.1439999999998753,
    3.9299999999997888,
    4.715999999999703,
    5.501999999999616,
    6.2879999999995295,
    7.073999999999443,
    7.859999999999356,
    8.645999999999557,
    9.43199999999982,
    10.218000000000082,
    11.004000000000344,
    11.790000000000607,
    12.566000000000866
  ],
  "hbar_mean": [
    0.7632835644515248,
    0.5681423802713422,
    0.44959162286054505,
    0.3731706128005404,
    0.4044361622934371,
    0.32382138714745656,
    0.30009290311157155,
    0.24986135073599502,
    0.20607769143203852,
    0.17131348779982286,
    0.16042896087395314,
    0.1414089419597202,
    0.14334852182036,
    0.1347774765711366,
    0.1292676625251228,
    0.1233074649413473,
    0.1167319635259011
  ],
  "hbar_std": [
    0.021609656045947764,
    0.020624020090061382,
    0.014874600014406235,
    0.017071496364329045,
    0.016726661686292818,
    0.014922438763046632,
    0.01434806939632005,
    0.013497327496603994,
    0.013391428494813286,
    0.012203485529541274,
    0.010559590204510123,
    0.009567510421507223,
    0.009325997202583869,
    0.01008916650846657,
    0.009675184225917777,
    0.008894936074027122,
    0.010143309076446417
  ],
  "hbar_all": [
    [
      0.7483423012210122,
      0.5375164162238997,
      0.4521065764962495,
      0.35950682479844176,
      0.38450906591819944,
      0.32282743519324886,
      0.2822166830833549,
      0.23808666016376195,
      0.1977068268552791,
      0.18472444976580554,
      0.1626333611789494,
      0.13992855406617816,
      0.13769217790352398,
      0.13175262553736578,
      0.13431675203757162,
      0.12482067087150825,
      0.13024260343249916
    ],
    [
      0.78261053229905,
      0.5813286169160504,
      0.46434311243006876,
      0.3847030397444044,
      0.41231259859263314,
      0.33923005390167765,
      0.31889456570434593,
      0.26183513114428425,
      0.22149000617685285,
      0.17838690978056737,
      0.16640529003314786,
      0.15078872630999818,
      0.14503791971073582,
      0.14088538548289029,
      0.13668076659580572,
      0.13006240017851617,
      0.1091167273623765
    ],
    [
      0.7461673137053642,
      0.5641750712577442,
      0.4620755140846049,
      0.3688687136604135,
      0.41133721903227255,
      0.32865167293320746,
      0.31814395099888926,
      0.2518641668421936,
      0.20890154389074422,
      0.1826004312900587,
      0.1610459080359537,
      0.15582413984890917,
      0.1477421353414233,
      0.14098606915859496,
      0.11663163228587219,
      0.12413007348552094,
      0.1308334423305923
    ],
    [
      0.8077438914428945,
      0.6120835535865203,
      0.4761823118817124,
      0.3938325645637106,
      0.41853575079941935,
      0.3181122320986769,
      0.29615562989869165,
      0.25211866825106005,
      0.20739997692886136,
      0.18131158588139923,
      0.1605521384792217,
      0.1592912426948344,
      0.1510442723120432,
      0.14150741645723677,
      0.1354275389729414,
      0.13196067627097655,
      0.12141675542168118
    ],
    [
      0.74913639509887,
      0.5595306619413171,
      0.4316807499168622,
      0.34827867528416917,
      0.39475805971247024,
      0.33318734209502193,
      0.29035585124522606,
      0.23410035041898175,
      0.18782331371299685,
      0.15991898545129254,
      0.15972004892583763,
      0.12840363770020932,
      0.1443310611576585,
      0.1278865031960031,
      0.11661042791668189,
      0.12293985303671306,
      0.10374766643472658
    ],
    [
      0.7772044795052601,
      0.5934669884677493,
      0.45440026704062153,
      0.4110272721803625,
      0.4231025011219878,
      0.32363474943075454,
      0.3040305094451478,
      0.27106251966798917,
      0.2244374787623342,
      0.16337492745416726,
      0.14781709154693679,
      0.14584469642028275,
      0.14083434931689162,
      0.12405134969749661,
      0.1259697122198122,
      0.12306379514220088,
      0.12448948910540913
    ],
    [
      0.7410934463346237,
      0.542852082267486,
      0.43542411759162253,
      0.371235488331767,
      0.3853796944850852,
      0.3154755855136329,
      0.29300525565002034,
      0.26228009035704525,
      0.20130539564485136,
      0.16135686524383808,
      0.17308595847721195,
      0.14980743554131384,
      0.15908946493052242,
      0.13886300403685425,
      0.12446358312734225,
      0.121419695165387,
      0.11376651152781364
    ],
    [
      0.7848411848658056,
      0.5453435677648371,
      0.44739463144484165,
      0.36626845972201494,
      0.3850788083964041,
      0.30339684278706297,
      0.2869824501022807,
      0.24879560203288853,
      0.18639227633203578,
      0.1673258381063648,
      0.16693465394408705,
      0.1351923825226437,
      0.15197409216639118,
      0.13149963478500776,
      0.13787900412726206,
      0.12881203460142052,
      0.13348452048237888
    ],
    [
      0.7573417334096543,
      0.5758318996823186,
      0.45209749109745956,
      0.3546497016231956,
      0.4003393666248094,
      0.3154476592758034,
      0.2943034697469502,
      0.23027403123501372,
      0.19770708619774438,
      0.1814370332284854,
      0.16826850986780145,
      0.1566089087829522,
      0.1377974128308828,
      0.13857769776708373,
      0.12374229081438679,
      0.130196294269872,
      0.1218490324225044
    ],
    [
      0.7865685741171107,
      0.5689529814706078,
      0.4333674474511967,
      0.38371990767896436,
      0.4110180231165466,
      0.3317300150539425,
      0.3164931959785991,
      0.2660455252694109,
      0.23609312364664498,
      0.20070461758255068,
      0.1760806297448125,
      0.13818512193490692,
      0.1607163585901175,
      0.13311864745441648,
      0.13916879539411428,
      0.12639546964839476,
      0.10602438914678447
    ],
    [
      0.7289890309668363,
      0.5712949227564266,
      0.4528099145706156,
      0.3769969729114871,
      0.42875558784764944,
      0.32807466648312167,
      0.29580215670244964,
      0.2515998032464789,
      0.20515101617000853,
      0.16950210380249475,
      0.16224140471861068,
      0.15253341343214094,
      0.15115228267271275,
      0.14299227998409186,
      0.13617217061248182,
      0.11698867340878491,
      0.12069795868075864
    ],
    [
      0.7650635111583284,
      0.5456794665767752,
      0.4635105398869154,
      0.3723816533531732,
      0.4112098653306987,
      0.3048500851766646,
      0.2884981691405112,
      0.2500832103589395,
      0.19542205149743416,
      0.15188422191528322,
      0.14790510950762065,
      0.1348836313239867,
      0.1271355030126263,
      0.1455761058338802,
      0.13281916540165933,
      0.11239689894078794,
      0.12469702293424881
    ],
    [
      0.790544676527251,
      0.6099361256526735,
      0.45883857173664955,
      0.37142210549870547,
      0.41332844274384306,
      0.3271904362048451,
      0.28745170117726015,
      0.22586790658920985,
      0.1897589036906167,
      0.14842170363976254,
      0.14708892652183542,
      0.12990370912828506,
      0.13119868205974905,
      0.10697406691036312,
      0.11761393232138131,
      0.10542869715980491,
      0.11117246091696392
    ],
    [
      0.7363686681044874,
      0.5428409397538372,
      0.40551965118346245,
      0.3349885007652071,
      0.3590382983164996,
      0.2979499001436815,
      0.27650414282444036,
      0.22817107112836663,
      0.18563930582280952,
      0.15711144308770655,
      0.14811119244956258,
      0.13586360947688825,
      0.1410417543744571,
      0.13130379435475353,
      0.13144883612044259,
      0.11409435398493861,
      0.11782547482191703
    ],
    [
