{
  "lambda": 0.01,
  "epsilon_cg": 0.19634954084936207,
  "n_particles": 2000,
  "n_realizations": 20,
  "omega_max": 3.0,
  "zpf_scale": 1.0,
  "t_final": 12.566370614359172,
  "times": [
    0.0,
    0.7860000000000006,
    1.5720000000000012,
    2.357999999999962,
    3.1439999999998753,
    3.9299999999997888,
    4.715999999999703,
    5.501999999999616,
    6.2879999999995295,
    7.073999999999443,
    7.859999999999356,
    8.645999999999557,
    9.43199999999982,
    10.218000000000082,
    11.004000000000344,
    11.790000000000607,
    12.566000000000866
  ],
  "hbar_mean": [
    0.7632835644515248,
    0.567038131090374,
    0.4516612379111603,
    0.3724195420825238,
    0.4053192608906378,
    0.32066611266276845,
    0.3013794641135704,
    0.25363541391890015,
    0.2059002196384268,
    0.1721949877156357,
    0.1623777295829521,
    0.14389021157909124,
    0.14044104863352605,
    0.1320571184091009,
    0.1282105389719724,
    0.12036491509666788,
    0.11138432344837801
  ],
  "hbar_std": [
    0.021609656045947764,
    0.01777227133755178,
    0.013097209015141721,
    0.015277675622249475,
    0.014567254241377232,
    0.011665855648870065,
    0.013015628011075794,
    0.010576280372405473,
    0.011475587763780883,
    0.008585590950369723,
    0.010864928947850714,
    0.007056694070240227,
    0.007386587326602444,
    0.006641566909507082,
    0.0082779576572874,
    0.007106253805005248,
    0.007735112525147127
  ],
  "hbar_all": [
    [
      0.7483423012210122,
      0.55100986697021,
      0.46244222571689436,
      0.37589998485785586,
      0.3864117995084693,
      0.3293319789267687,
      0.3123338171551027,
      0.2652191150095342,
      0.21730925683790892,
      0.18985457466286193,
      0.17112861963880038,
      0.1499308141613814,
      0.14476868752027172,
      0.13518139124924894,
      0.13732488178530602,
      0.13329059563332984,
      0.1162336809267166
    ],
    [
      0.78261053229905,
      0.5845758428970446,
      0.46058535689116187,
      0.38858570187298813,
      0.42463194647960256,
      0.3306057252186423,
      0.3058545052223909,
      0.25937079260739243,
      0.20082651609144508,
      0.16137812617566422,
      0.15339398985859287,
      0.14645930245266836,
      0.1385783741578977,
      0.1417859907571684,
      0.1353629505466086,
      0.12309104813181967,
      0.12217308012866562
    ],
    [
      0.7461673137053642,
      0.5673304694765003,
      0.4643724460928731,
      0.3668499284924949,
      0.4105849522303056,
      0.32172238364442973,
      0.31359263212470856,
      0.2589042835056948,
      0.22365139546081025,
      0.18827032159066312,
      0.15491384663451552,
      0.13661057389893985,
      0.13336939267162934,
      0.12654018369003928,
      0.12712150495544974,
      0.1165350353536283,
      0.11932216609497133
    ],
    [
      0.8077438914428945,
      0.6059906418920169,
      0.47293230984529994,
      0.37472772088534356,
      0.41309882240774953,
      0.33550425551394947,
      0.30533334096160264,
      0.2536031872670762,
      0.1992382286249902,
      0.17995517014906015,
      0.16969147204891943,
      0.1559176679705606,
      0.1573895747609399,
      0.137921297639836,
      0.1308325992748015,
      0.1223714464934705,
      0.11250595178664369
    ],
    [
      0.74913639509887,
      0.5457786980158625,
      0.4317362464362262,
      0.33169270057765454,
      0.380318489727767,
      0.31605169266108385,
      0.2898131476678816,
      0.2537091494860201,
      0.19347348793843097,
      0.1657432215020142,
      0.15215586657437274,
      0.13741788621669515,
      0.14587730610662983,
      0.14051405140767814,
      0.13543444390045725,
      0.12322292286251027,
      0.1095063150286912
    ],
    [
      0.7772044795052601,
      0.577185281322714,
      0.45047495984550784,
      0.39490936036828894,
      0.4069651603613999,
      0.30879551213260426,
      0.3171393528168617,
      0.2662108019230316,
      0.2016066166405456,
      0.1694118715585569,
      0.15559335666655927,
      0.1402106986807753,
      0.1425033340584143,
      0.12710722999418012,
      0.1195604101560674,
      0.11061367787587813,
      0.10050875790661354
    ],
    [
      0.7410934463346237,
      0.5416955962325704,
      0.42915533178552956,
      0.3757870230306295,
      0.39091865058391007,
      0.3067801102508652,
      0.2720751781206666,
      0.2598539942195275,
      0.20061032838363027,
      0.1800142436832422,
      0.16883308284379656,
      0.134627295734334,
      0.13876481595464446,
      0.1314063430509235,
      0.1252273136395985,
      0.11425335182652195,
      0.12392828426888794
    ],
    [
      0.7848411848658056,
      0.549906721668339,
      0.4532256747073974,
      0.3741272971694215,
      0.39974811804334853,
      0.30964644208285946,
      0.3085849901514467,
      0.265197342886869,
      0.21882027929986317,
      0.16872437577156055,
      0.15837454915232554,
      0.1444302347595174,
      0.14076153511424505,
      0.13153638925641836,
      0.12210026921145405,
      0.1210093123797227,
      0.1188004913625259
    ],
    [
      0.7573417334096543,
      0.567662930787053,
      0.45877535866520996,
      0.3821530263592135,
      0.42345236065664554,
      0.324845101567412,
      0.30192764897031565,
      0.23953179816176332,
      0.19650894040853087,
      0.17065295283515874,
      0.15135861357412683,
      0.1353924676990819,
      0.13390264684841305,
      0.1263469751223129,
      0.11764829927148535,
      0.12183187600079934,
      0.10649689807878773
    ],
    [
      0.7865685741171107,
      0.5724932064164227,
      0.4358994495149868,
      0.37125696435081457,
      0.4178290610802365,
      0.32091189429620326,
      0.31896634618677155,
      0.27054537123357936,
      0.22652035439339271,
      0.17059980316201062,
      0.18014214323695243,
      0.15233098691506478,
      0.14839768497762998,
      0.12423543260556409,
      0.14145934555849712,
      0.1243683633160253,
      0.10400792809861804
    ],
    [
      0.7289890309668363,
      0.5680571493364778,
      0.4476837297441837,
      0.3762682379055445,
      0.40212210856960784,
      0.3233311963410991,
      0.29037540891710467,
      0.2520845811671655,
      0.19387237190399198,
      0.1772624250989099,
      0.18016217840626536,
      0.15159704477032687,
      0.14558749332653428,
      0.13577933464726727,
      0.1398517070894086,
      0.122006747888209,
      0.12023738140142896
    ],
    [
      0.7650635111583284,
      0.5488371809915813,
      0.4699279758062031,
      0.3791547841025225,
      0.3964819351320153,
      0.3097035772809191,
      0.2889164820905603,
      0.2437402881052624,
      0.19094285132218042,
      0.16518441181034715,
      0.1415434008945044,
      0.139736693671441,
      0.12632722446661637,
      0.1183955506469805,
      0.10743299964900596,
      0.10748041719633625,
      0.0993122658430712
    ],
    [
      0.790544676527251,
      0.5963036637338535,
      0.46618719981898304,
      0.36452369876861873,
      0.41612977916893884,
      0.3416128055255156,
      0.3049991945578815,
      0.24105938474694172,
      0.20210502741937464,
      0.1609903242711911,
      0.161416188937545,
      0.1373078372526491,
      0.13220140029324534,
      0.12251554275782914,
      0.12067553514298647,
      0.11199572564948902,
      0.10594656775073842
    ],
    [
      0.7363686681044874,
      0.5363570815356795,
      0.43053743042450454,
      0.34038244253401456,
      0.3868160798807137,
      0.29678286562621725,
      0.2799972281640979,
      0.2330251667358009,
      0.18979987570317042,
      0.1569597018953039,
      0.15255453877173714,
      0.14431722224633436,
      0.13541170476209405,
      0.12636048789244306,
      0.12740976872513438,
      0.12978815591416415,
      0.1138904753844996
    ],
    [
      0.7404801960391212,
