{
  "lambda": 0.1,
  "epsilon_cg": 0.19634954084936207,
  "n_particles": 2000,
  "n_realizations": 20,
  "omega_max": 3.0,
  "zpf_scale": 1.0,
  "t_final": 12.566370614359172,
  "times": [
    0.0,
    0.7860000000000006,
    1.5720000000000012,
    2.357999999999962,
    3.1439999999998753,
    3.9299999999997888,
    4.715999999999703,
    5.501999999999616,
    6.2879999999995295,
    7.073999999999443,
    7.859999999999356,
    8.645999999999557,
    9.43199999999982,
    10.218000000000082,
    11.004000000000344,
    11.790000000000607,
    12.566000000000866
  ],
  "hbar_mean": [
    0.7632835644515248,
    0.568311118083688,
    0.45297909186003926,
    0.3819217784281288,
    0.41084142726011014,
    0.3177964050699939,
    0.30497172672857337,
    0.25727547915023474,
    0.2079221524866271,
    0.18399623865683543,
    0.17433828404154736,
    0.15321437449043446,
    0.15154091682290233,
    0.14392117251005931,
    0.14450385700286025,
    0.13623821284178947,
    0.12856253477234608
  ],
  "hbar_std": [
    0.021609656045947764,
    0.02213209594523301,
    0.01557185251681861,
    0.019158784711951937,
    0.018878395812819547,
    0.021679794205187584,
    0.02705574012003794,
    0.018031371645000686,
    0.020174663451330347,
    0.014474393539714879,
    0.01736901955814053,
    0.01546980694913679,
    0.01650860345928908,
    0.01556472869713878,
    0.014693634718605656,
    0.013652916653102283,
    0.0137743230510049
  ],
  "hbar_all": [
    [
      0.7483423012210122,
      0.5366797587101113,
      0.4376089323670411,
      0.3682588866296599,
      0.4141552796188073,
      0.31466799832547737,
      0.29634180336354576,
      0.23526316583980433,
      0.19433555241905087,
      0.17234391092889134,
      0.16316107363912438,
      0.16296046138124226,
      0.14073222546848382,
      0.13672580997079312,
      0.13403295908731583,
      0.14370828579159886,
      0.13304887351942246
    ],
    [
      0.78261053229905,
      0.5892538563612613,
      0.47460721143864515,
      0.40059474638498216,
      0.4403483007030499,
      0.3395421157685205,
      0.322553597605332,
      0.27047793962956307,
      0.22085989209425305,
      0.1896880275537422,
      0.20207470061794183,
      0.1580293495587873,
      0.19519706088563898,
      0.17441232906742252,
      0.16235896881250447,
      0.1684167379191569,
      0.1469245215830648
    ],
    [
      0.7461673137053642,
      0.5787935601602279,
      0.4571747823243406,
      0.37175355969599333,
      0.40170966371260775,
      0.3464306421916422,
      0.3379816010241017,
      0.2630815459270048,
      0.21732319093733798,
      0.17912767783060038,
      0.19026059530012424,
      0.1659390500721363,
      0.17024958981748597,
      0.16512705990045,
      0.1530386402340963,
      0.1416237692957137,
      0.1421701600979559
    ],
    [
      0.8077438914428945,
      0.6111498334729673,
      0.4853139229033676,
      0.4094177923542348,
      0.428030951277381,
      0.3187402318841459,
      0.29791169101053694,
      0.27732527580510874,
      0.20497286401663298,
      0.1875027110838745,
      0.18782554888092412,
      0.16144766108115882,
      0.14830384275655392,
      0.1673268036626951,
      0.15242934247464768,
      0.14145922934616617,
      0.1296206619419146
    ],
    [
      0.74913639509887,
      0.5676769888325528,
      0.43210625057471674,
      0.3601434023831267,
      0.4080755492952336,
      0.33104317996978017,
      0.28218465207919396,
      0.24074963890168966,
      0.20319244567042358,
      0.18790761970333292,
      0.16799293934494744,
      0.13601312999555903,
      0.14199014168241972,
      0.12893679385881493,
      0.12394236932686722,
      0.125792522323726,
      0.11481277665135807
    ],
    [
      0.7772044795052601,
      0.5924657111107243,
      0.4459959426313253,
      0.42900206578385647,
      0.44296535025466377,
      0.3345060636155157,
      0.32277420322081024,
      0.28827129286310654,
      0.23646826515718272,
      0.18820684102734214,
      0.17862486749377915,
      0.1518041786584054,
      0.14584729594133333,
      0.13588342453734006,
      0.13322566362843466,
      0.1357022384114122,
      0.1364034520985502
    ],
    [
      0.7410934463346237,
      0.5433864175679881,
      0.44562630807557857,
      0.3706771238722649,
      0.38299015429739736,
      0.29908022018837177,
      0.2989844795853874,
      0.24811628729532897,
      0.20011363889298356,
      0.18996182508402562,
      0.16125964729628006,
      0.165390236687333,
      0.14027144180271775,
      0.12815882508742787,
      0.13591032691052307,
      0.1236657375055033,
      0.11410759347782973
    ],
    [
      0.7848411848658056,
      0.5289213209800444,
      0.44732800899284114,
      0.3716960602126136,
      0.39737089409258053,
      0.3144606588806917,
      0.2980923081828474,
      0.26614665801562987,
      0.2002900299393026,
      0.19207190851596095,
      0.16347675553846833,
      0.14910733357949416,
      0.1430102158318679,
      0.14995060771480348,
      0.15300767441052085,
      0.15884057970538873,
      0.13346975827146157
    ],
    [
      0.7573417334096543,
      0.576224666034978,
      0.4485207135921432,
      0.3589870824829171,
      0.38994411664485507,
      0.29044221564089956,
      0.2770385042862873,
      0.24308550769918943,
      0.19895764889811834,
      0.18612765880794085,
      0.19898063533178534,
      0.1839683531717941,
      0.15454706667099954,
      0.14852141119653217,
      0.14588047685850683,
      0.14351786405810443,
      0.15199150341800205
    ],
    [
      0.7865685741171107,
      0.5783975188663051,
      0.4461616294673124,
      0.3901341823602694,
      0.41949251831026024,
      0.3037687656476963,
      0.3271052871203757,
      0.26656555763758477,
      0.255270170011136,
      0.21886328138074085,
      0.20239995793405313,
      0.16790692123510048,
      0.18126936568804453,
      0.1489796844556458,
      0.17244297128644878,
      0.133492371783836,
      0.13842699016863755
    ],
    [
      0.7289890309668363,
      0.5752385922419732,
      0.45744721633174273,
      0.3950071655369669,
      0.40553691282432625,
      0.33509352652109603,
      0.32941350165498323,
      0.2612216163475051,
      0.22529797844543709,
      0.18374496338629154,
      0.16840453977996617,
      0.15692813670579764,
      0.1651317129602628,
      0.1505918182676448,
      0.13504059827580267,
      0.12859968584168185,
      0.14186097880314782
    ],
    [
      0.7650635111583284,
      0.5506660986755563,
      0.46612936406017746,
      0.38700861933655667,
      0.4184260369225344,
      0.2866311997652593,
      0.25220148177672674,
      0.23258529023457683,
      0.1661181544599992,
      0.15055330239332063,
      0.15102267099894257,
      0.13815222496361218,
      0.1423182175419047,
      0.11620354293267166,
      0.13436340926876875,
      0.1094092531788588,
      0.11084994523629119
    ],
    [
      0.790544676527251,
      0.6068476662781012,
      0.461393757693183,
      0.37723337650151856,
      0.40832695188734597,
      0.2938289375358194,
      0.2817986254469521,
      0.2256819278452145,
      0.18894818840954902,
      0.16017947280589556,
      0.16480005100596734,
      0.14353759672129565,
      0.13392632289656112,
      0.11845204873820149,
      0.1345247878613791,
      0.12509527805951015,
      0.11067349407418559
    ],
    [
      0.7363686681044874,
      0.5393665291154554,
      0.4138058267476148,
      0.3471886435120837,
      0.36909624103028,
      0.2907856848310799,
      0.28249066432142017,
      0.23744575783736965,
      0.1807645586781357,
      0.17587757724053169,
      0.1531920114665224,
      0.13462100197350743,
      0.14866234544818446,
      0.12779346849850923,
      0.1258124414798056,
      0.13681602509840335,
      0.11890209921470571
    ],
    [
      0.7404801960391212,
