{
  "lambda": 0.001,
  "n_particles": 10000,
  "n_realizations": 10,
  "hbar_mean": [
    16.56169445915903,
    16.335739879923104,
    16.120287519374454,
    18.994273573652958,
    19.072939390940817,
    19.005017738788585,
    18.88397032422552,
    18.71800919459642,
    18.517438817184562,
    18.348084070908477,
    18.106614934939472,
    17.884538293149387,
    17.66823517558653,
    17.501900354978105,
    17.26932810894625,
    17.049791286525334,
    16.813464929590136,
    16.590005879277026,
    16.376786579486538,
    19.054378962773203,
    18.931591538009002,
    18.78155352205233,
    18.591476238060046,
    18.392459133206703,
    18.188918115869534,
    17.97559802938437,
    17.75834617016354,
    17.53792003286899,
    17.31472657071783,
    17.09376402308413,
    16.881403261509355,
    16.670082085570364,
    16.454557805063793,
    16.235389219379396,
    16.50258726381853,
    18.74444975828124,
    18.53008561089893,
    18.32820576443905,
    18.135638359785805,
    17.925670093640978,
    17.71821090564669,
    17.522263619207386,
    17.30492363619149,
    17.10606330563751,
    16.926274260217486,
    16.70683497951398,
    16.516668934245338,
    16.300835335893275,
    16.08024629978201,
    15.889389759137533,
    17.991054707015874,
    18.306763612226053,
    18.244755978538375,
    18.07326796518551,
    17.878522977087705,
    17.662803063968635,
    17.460490143846506,
    17.267179729193124,
    17.056175991644075,
    16.85374280640057,
    16.648380898398823,
    16.444655655432616,
    16.243934884717888,
    16.036526168437774,
    15.827837097890278,
    16.431394303077134,
    17.79054537865313,
    17.89165893682502,
    17.822239487807266,
    17.706114904186347,
    17.527770897603684,
    17.34189218004582,
    17.146531725208213,
    16.941297285189677,
    16.72764538281803,
    16.527496887026192,
    16.293393992827575,
    16.09825284924841,
    15.88062294101579,
    15.636766984837886,
    15.436715349143446,
    17.042487481387177,
    17.183007144994285,
    17.244410501331323,
    17.145658369877594,
    16.962973086949756,
    16.787998267734753,
    16.587784101474814,
    16.379815422300645,
    16.18479502346137,
    15.9879736021104,
    15.767824064066454,
    15.540637007138125,
    15.324575759399206,
    15.11345295525667,
    14.887427949220456,
    14.682010889891554,
    16.172737524865898,
    16.1945309901753,
    16.18448935405818,
    16.081377804206085,
    15.896339306262778,
    15.680255468655393,
    15.482192368602,
    15.267738426461431,
    15.058944465758055,
    14.869247398268607,
    14.690500087402953,
    14.495533081008878,
    14.309186680633823,
    14.109089611300988,
    13.912395700795475,
    14.812345054219259,
    15.140213896424385,
    15.1918465274972,
    15.162701412336755,
    15.073853475213706,
    14.93753541504716,
    14.736495308992863,
    14.548530217394717,
    14.360722300325198,
    14.173623301722065,
    13.982565122065086,
    13.822921176730398,
    13.684758038889864,
    13.614827798886822,
    13.455129472531613,
    13.56611479924015,
    14.188424125244172,
    14.467683842103236,
    14.542667434309966,
    14.490899311891363,
    14.426628038418619,
    14.255733625996498,
    14.113603593623091,
    13.96586116712414,
    13.811339287952086,
    13.659382072032349,
    13.504551743158453,
    13.327501773466816,
    13.163546656930478,
    13.045941204373108,
    12.959818190890525,
    13.355459576086787,
    13.692745411252025,
    13.826563704517477,
    13.834591786039478,
    13.790342190812193,
    13.67294014024628,
    13.516615355745952,
    13.42069377700226,
    13.244495103760258,
    13.127665478794913,
    12.99544730403505,
    12.838548781619815,
    12.686370983935012,
    12.571269891720219,
    12.458639426020829,
    12.449135719293007,
    12.83501532018587,
    13.067312607285766,
    13.21465276103531,
    13.196793745818534,
    13.060370662458386,
    12.931529855564008,
    12.869078303791246,
    12.801375581958357,
    12.65280939639336,
    12.500251454270677,
    12.39384494588117,
    12.274355164710276,
    12.110419417498726,
    11.956645581414719,
    11.811903065022074,
    12.13527136336691,
    12.491958613776038,
    12.730631160146835,
    12.780779666080473,
    12.643066796557132,
    12.5191988243927,
    12.414016810689576,
    12.344900985824497,
    12.278807567897667,
    12.158505104421048,
    12.023031813408746,
    11.887927925493678,
    11.771803120222094,
    11.624308026232644,
    11.541382816566802,
    11.683769696103722,
    12.025905484425452,
    12.412997286465393,
    12.511921885263794,
    12.399813392689598,
    12.258922742823577,
    12.145370523903413,
    12.071460324803338,
    11.992416040998192,
    11.910100206251107,
    11.755433222027918,
    11.626889957684849,
    11.510528555150321,
    11.38200276351624,
    11.332124962992618,
    11.455433785286841,
    11.758717356942103,
    12.257978028035314,
    12.171267511662546,
    12.076262981158285,
    11.96558394168798,
    11.836471548293218,
    11.757603397262493,
    11.701727352330867,
    11.618799945031757,
    11.56324187995014,
    11.48693828530478,
    11.407981811556757,
    11.270725833146136,
    11.21793350988094,
    11.336551556540094,
    11.823865030681658,
    11.976902883035988,
    11.92754029540591,
    11.829640071097518,
    11.747422128977732,
    11.661247432975074,
    11.659957190561045,
    11.610244571613098,
    11.525833512921224,
    11.480344251183121,
    11.380637767099252,
    11.334733329465928,
    11.224809630266673,
    11.159723144975498,
    11.51826611251816,
    11.952682629638762,
    11.830975133715429,
    11.799438303800489,
    11.697370033941901,
    11.63640146738916,
    11.59047487581979,
    11.589032731535937,
    11.539097246763621,
    11.47875832144012,
    11.427894786943703,
    11.374676749241381,
    11.298503660109974,
    11.377022768223977,
    11.526526260482115,
    11.93343578043584,
    11.844435251730284,
    11.7431465096569,
    11.674542745190424,
    11.651245522083705,
    11.58400872359362,
    11.595262843095506,
    11.663834318028139,
    11.63466654813134,
    11.538066291807484,
    11.562532489560308,
    11.555786331689529,
    11.634545759897719,
    11.901003233993274,
    11.873792440338645,
    11.857269181997358,
    11.77117814463811,
    11.705127630385357,
    11.637791999786867,
    11.559968955646749,
    11.583795520838729,
    11.56490631711112,
    11.549943358177828,
    11.498377936530392,
    11.541566980641269,
    11.553131071729442,
    11.55623513123958,
    11.704146677432819,
    11.818352193662943,
    11.827588411764673,
    11.905697623720844,
    11.829340401210283,
    11.780094754370333,
    11.702835767515332,
    11.631121164349668,
    11.589506534854639,
    11.572848925477562,
    11.53258523116526,
    11.652125043295644,
    11.691443483222614,
    11.699557655397793,
    11.764967459325025,
    11.849589634815874,
    11.870697468088451,
    11.873325976496272,
    11.88840862663761,
    11.81164589179345,
    11.714102180899033,
    11.653817897673456,
    11.577778370030476,
    11.510456682362866,
    11.66920819279714
  ],