{
  "lambda": 0.005,
  "n_particles": 10000,
  "n_realizations": 10,
  "hbar_mean": [
    16.56169445915903,
    16.335690253312215,
    16.120404030257117,
    18.995036291380394,
    19.074059689501336,
    19.005350928711614,
    18.88426568412435,
    18.718491525459562,
    18.517394732835733,
    18.347970430155197,
    18.106450499485394,
    17.8840291012555,
    17.667539114837272,
    17.502776570763135,
    17.270410898899783,
    17.049930374134686,
    16.814248666994754,
    16.590873858955014,
    16.37343363408519,
    19.055239210331685,
    18.932453740929958,
    18.782037852118446,
    18.591764771772645,
    18.39344750358015,
    18.189862338816887,
    17.976566060110486,
    17.758882847513735,
    17.53862657854595,
    17.31556680679919,
    17.095441594532236,
    16.883127695425543,
    16.67200206380466,
    16.456142723974075,
    16.23536154286919,
    16.515031410133975,
    18.745284549672004,
    18.531874995732306,
    18.327944846910363,
    18.136508487219977,
    17.927249443524175,
    17.718869700892547,
    17.520702581065116,
    17.30451872925014,
    17.105794561062197,
    16.925893730051353,
    16.70544616183006,
    16.513512035892916,
    16.29831502078878,
    16.078006423640893,
    15.885761148131698,
    17.98778123503916,
    18.302364960338224,
    18.24133725090392,
    18.069624763651163,
    17.875387124450235,
    17.661939527225087,
    17.45902939575253,
    17.266501652330994,
    17.05357141672539,
    16.85304991478437,
    16.64783631798449,
    16.444379458870895,
    16.243145388607825,
    16.035952694703433,
    15.826930556322178,
    16.411045957423337,
    17.79052231095363,
    17.89303820806322,
    17.822363533334205,
    17.70632710887069,
    17.527830830604973,
    17.342411738785003,
    17.145920042942258,
    16.942262816982907,
    16.72834557275152,
    16.527620128313632,
    16.29341677362666,
    16.097710591330014,
    15.881364098823349,
    15.636150454019276,
    15.434851769170487,
    17.035480950450587,
    17.18154961918004,
    17.246968194600555,
    17.14949623732584,
    16.966085798970173,
    16.793041350313114,
    16.59417244360561,
    16.385140804766184,
    16.190060870473552,
    15.99505857712208,
    15.774856145972507,
    15.543638975725651,
    15.321761985718656,
    15.111271028367877,
    14.88663296267644,
    14.739218031291225,
    16.162533000101163,
    16.19507791679073,
    16.179593903667104,
    16.080818807344023,
    15.891526477660866,
    15.678656116366994,
    15.474450689935448,
    15.264875996666717,
    15.052945734132829,
    14.86164430405475,
    14.684010897123068,
    14.488430164261842,
    14.299148407363734,
    14.105460317397435,
    13.912525724211633,
    14.805944804838251,
    15.132407630658514,
    15.188732668731864,
    15.158796555159606,
    15.06872190066002,
    14.933862158910904,
    14.733332140488315,
    14.549604668809781,
    14.36130283372243,
    14.174831489327735,
    13.984510375618925,
    13.823072499091728,
    13.683274037144912,
    13.611766914063576,
    13.450952078816792,
    13.577728554545256,
    14.184268249584175,
    14.46119087867459,
    14.54014279585574,
    14.487887489361947,
    14.421689697905842,
    14.252189258800865,
    14.110495571173676,
    13.965386844417015,
    13.809686134022249,
    13.655328069334919,
    13.498782777291842,
    13.322596692969714,
    13.157766501633978,
    13.043222041234554,
    12.956301033501626,
    13.35274564573842,
    13.68891887374924,
    13.826204004347977,
    13.830817971817078,
    13.786907899563388,
    13.66995386982148,
    13.514503888823757,
    13.418010160225496,
    13.241347818543357,
    13.125505998631635,
    12.993979771985988,
    12.837971285904867,
    12.682973777282626,
    12.568966153236,
    12.45790952269104,
    12.455792500778625,
    12.829967092835266,
    13.066229873971071,
    13.209113727480968,
    13.192416810167177,
    13.055157048519671,
    12.929337922501054,
    12.8643206484351,
    12.7958352018935,
    12.647790765199558,
    12.493003180284916,
    12.385312818650782,
    12.266051830523507,
    12.10137236972136,
    11.94860271676722,
    11.80292019255332,
    12.123051346470488,
    12.482831415117335,
    12.720192457913532,
    12.775227604627851,
    12.635918687730332,
    12.511667203604512,
    12.407134740110738,
    12.337169749527352,
    12.270746027848066,
    12.15507358447186,
    12.01681684674482,
    11.881149233958999,
    11.763901872189415,
    11.617012629311958,
    11.534206496585783,
    11.666528592454188,
    12.01993325156629,
    12.405304862570635,
    12.499688517377194,
    12.388414717784581,
    12.248912264286952,
    12.134655201598612,
    12.065179158798234,
    11.982437712505654,
    11.900126147667251,
    11.745826265533637,
    11.618112847697397,
    11.500948057485592,
    11.373043550187301,
    11.32275496265202,
    11.437959440233456,
    11.744066434419157,
    12.24839710222575,
    12.159948639753726,
    12.064852829501529,
    11.954093327409378,
    11.823814445675728,
    11.74790398121319,
    11.687916600240953,
    11.609157382675962,
    11.554107787272434,
    11.474024763857802,
    11.39674003629179,
    11.261445800769469,
    11.210291883915904,
    11.315276347984362,
    11.819509221957185,
    11.971812859567564,
    11.920431863495905,
    11.822906649758494,
    11.740775995326604,
    11.652332274822701,
    11.651441580818524,
    11.600715372067517,
    11.518845537696492,
    11.46341245288592,
    11.37318524153099,
    11.32757119490212,
    11.218304448805402,
    11.149958935758766,
    11.502617357642405,
    11.941701193625503,
    11.82364133459194,
    11.790247862806876,
    11.688648553940798,
    11.63087776949069,
    11.580983705353745,
    11.581207573620322,
    11.527356261483645,
    11.471139679784036,
    11.425583742643246,
    11.375549666990391,
    11.296217797487913,
    11.370562583496447,
    11.522558884525441,
    11.922058387823359,
    11.835590978745802,
    11.734246761177973,
    11.666923223074733,
    11.642765527996291,
    11.575333505799787,
    11.588997711669862,
    11.653546925375792,
    11.623701958970454,
    11.529796028097941,
    11.558266921832217,
    11.550434088759278,
    11.628618057039967,
    11.887987589165519,
    11.859924626234747,
    11.845270454287526,
    11.760451344649592,
    11.691119069851172,
    11.62590095849653,
    11.546595460421646,
    11.569383731281881,
    11.55476716804494,
    11.540420469885117,
    11.48645008063213,
    11.534413028637388,
    11.546486073894235,
    11.550412680261374,
    11.692592743771911,
    11.806542790372173,
    11.814625116785896,
    11.893981569639253,
    11.817061020203615,
    11.768086474940798,
    11.69459670655321,
    11.621076317609289,
    11.578839835097071,
    11.564711322373796,
    11.522109676744527,
    11.645096730293059,
    11.685734264800093,
    11.694004535811372,
    11.758106181382692,
    11.838223862513804,
    11.851478092095485,
    11.861489238089325,
    11.878150902605661,
    11.802722330431221,
    11.705227773873636,
    11.643048194742615,
    11.564811323539335,
    11.501495939183323,
    11.661741329262439
  ],