{
  "lambda": 0.002,
  "n_particles": 10000,
  "n_realizations": 10,
  "hbar_mean": [
    16.56169445915903,
    16.33573493451175,
    16.120320805647445,
    18.99459796962575,
    19.073115064014786,
    19.00523310722408,
    18.88395169258921,
    18.71818061925876,
    18.517281240283516,
    18.348504912667178,
    18.1065660423747,
    17.88450122394275,
    17.66831615063325,
    17.502180278552892,
    17.269356322795744,
    17.049540334889564,
    16.8134868572285,
    16.590519755573354,
    16.375262778373173,
    19.054644703868632,
    18.931488808465343,
    18.78167614737432,
    18.591366424821622,
    18.39276595071924,
    18.189816940152905,
    17.97650176881826,
    17.758769192468918,
    17.538745454418567,
    17.315126503076065,
    17.09456273789155,
    16.88234500993127,
    16.67111433762065,
    16.45548070818064,
    16.23559150914189,
    16.50890955207169,
    18.745818161461166,
    18.531750835421658,
    18.328167339912532,
    18.13587086554812,
    17.926230144206905,
    17.71993130751707,
    17.520939260943187,
    17.304732281498957,
    17.106432918551295,
    16.926125290909532,
    16.706495313695548,
    16.51643122084752,
    16.302869385092684,
    16.081460306517517,
    15.890556361878513,
    17.992318550805248,
    18.30523987265811,
    18.24365694787797,
    18.071454281241365,
    17.87712643007092,
    17.66185497207496,
    17.46122592385982,
    17.269553995435096,
    17.05699797708304,
    16.85549669979551,
    16.649482675099286,
    16.445655744662268,
    16.244616849677936,
    16.038118929956006,
    15.829196475106741,
    16.428510395723034,
    17.792747165826825,
    17.894128974354064,
    17.82398497732142,
    17.706929102038053,
    17.529107109267166,
    17.342891734708036,
    17.14669638397753,
    16.94234004310732,
    16.728603508537724,
    16.527955762154157,
    16.29387418012161,
    16.097961977088133,
    15.88136013857642,
    15.635596610846031,
    15.436013789164576,
    17.04044641688521,
    17.181061874687238,
    17.245196385741345,
    17.145107489717514,
    16.95929361207976,
    16.786996255805285,
    16.588220243153067,
    16.383257767202394,
    16.188903107148203,
    15.991928346673884,
    15.772921073778093,
    15.54212823838591,
    15.323006113670004,
    15.112845276292541,
    14.887703658538944,
    14.694545909699888,
    16.170941799236857,
    16.195171576029345,
    16.183732374553237,
    16.0817938760275,
    15.896118976046358,
    15.679906949083582,
    15.479388866576404,
    15.265340948860805,
    15.053602823326557,
    14.862298244544956,
    14.684054742438724,
    14.48833316400552,
    14.301288829367603,
    14.107383258399015,
    13.91444094966803,
    14.811692535126838,
    15.141770680159803,
    15.191389635898929,
    15.163187950091361,
    15.072502809148158,
    14.935782515698207,
    14.735780268582833,
    14.551093187882785,
    14.361183791834339,
    14.175790385098471,
    13.985398633397716,
    13.825034175373995,
    13.686756105206197,
    13.6150229895753,
    13.458606550442843,
    13.563994474536136,
    14.191898563882258,
    14.4710625916732,
    14.546916340996447,
    14.49556337211136,
    14.429939317773323,
    14.260349104249073,
    14.116264500286855,
    13.97019671874298,
    13.812366827222112,
    13.658628682253763,
    13.50259206942782,
    13.327498173555318,
    13.1636228566781,
    13.048996527170791,
    12.961002443595357,
    13.358463675067586,
    13.696769412777304,
    13.828380950107384,
    13.837548917018339,
    13.79294135334573,
    13.675730083164428,
    13.51893942839329,
    13.42259344736153,
    13.244635894319874,
    13.127315045422947,
    12.995010271189065,
    12.838203906171845,
    12.685066614443251,
    12.571550751107306,
    12.458857914279985,
    12.452246056644288,
    12.833906347152894,
    13.067207325028823,
    13.214162404494164,
    13.196609383101507,
    13.060604290560377,
    12.933944620292914,
    12.870708609431958,
    12.803522410502822,
    12.65510330253532,
    12.50118911189204,
    12.394123803680483,
    12.274320267631754,
    12.109364878757606,
    11.955471915810506,
    11.810844609977192,
    12.133393696876835,
    12.491815360547625,
    12.729637020857496,
    12.782128541488069,
    12.643164206099073,
    12.519420827157447,
    12.41494140771007,
    12.346522358335255,
    12.280043410561602,
    12.161736838219412,
    12.024734923810001,
    11.88892139885085,
    11.771744154843384,
    11.623856748376062,
    11.539724790401708,
    11.68089103786183,
    12.024802950996044,
    12.412092717835447,
    12.510468346164458,
    12.397142090866172,
    12.256505525390752,
    12.144711310876536,
    12.071717928774309,
    11.992325419108457,
    11.910897224573295,
    11.756138758626363,
    11.628270377043986,
    11.511067607021314,
    11.38209250147521,
    11.33096103320588,
    11.449790430808015,
    11.754863840716348,
    12.254491853794864,
    12.16988120428685,
    12.075273815787053,
    11.964037892736245,
    11.83398041897193,
    11.756029664920431,
    11.700346678184314,
    11.618040091338173,
    11.564081737414096,
    11.487563262584995,
    11.407726824498008,
    11.270756093731752,
    11.217703891784819,
    11.334098504966967,
    11.823846406346872,
    11.977373052081482,
    11.928152079703471,
    11.831310869279536,
    11.748113156937237,
    11.659444185528653,
    11.658795628957577,
    11.609276314432865,
    11.5259626535796,
    11.474504523888445,
    11.381481950747986,
    11.334940700551169,
    11.225174773988957,
    11.15852221153287,
    11.515482813802906,
    11.949413125830143,
    11.830241702344782,
    11.798750449612099,
    11.696151147866875,
    11.63788535722847,
    11.587981449343616,
    11.587996630764192,
    11.538412684132496,
    11.480094678671904,
    11.42974554445928,
    11.37815441642434,
    11.300901380056638,
    11.377803946490708,
    11.527754375596142,
    11.931171932995602,
    11.841260090172304,
    11.739307071235423,
    11.671351897998713,
    11.648174169833435,
    11.581485126874693,
    11.593802168856145,
    11.66381072401517,
    11.633472312634563,
    11.539447301131059,
    11.564349769655726,
    11.556045111181316,
    11.634884511676328,
    11.900858049622101,
    11.870815054396495,
    11.85394938463533,
    11.769194528112296,
    11.701568039499147,
    11.634318737660854,
    11.555954045563713,
    11.580508618179099,
    11.562709015726423,
    11.549350414991885,
    11.496087841516344,
    11.542575447473212,
    11.554269253084458,
    11.556885194861398,
    11.703474938586101,
    11.817637926412768,
    11.825620490704292,
    11.904231688957406,
    11.827323155938723,
    11.778914431418226,
    11.700555749317973,
    11.628309782092462,
    11.58632906996856,
    11.570465448217053,
    11.531504530211734,
    11.651255160193022,
    11.691761815516227,
    11.701036637913212,
    11.766955661774796,
    11.851237271617823,
    11.870441193426402,
    11.874019261337704,
    11.88694328187157,
    11.811145729308713,
    11.71399548727814,
    11.652162601789833,
    11.576149955716584,
    11.508729125127468,
    11.668762933683173
  ],