{
  "lambda": 0.02,
  "n_particles": 500,
  "n_realizations": 5,
  "hbar_mean": [
    16.5484644464395,
    16.322649898228896,
    16.107762324554383,
    18.982378305553986,
    19.062505278448707,
    19.00717568745783,
    18.884997805516434,
    18.716724107251004,
    18.520493853190835,
    18.34248107066707,
    18.101537967125868,
    17.885916520241103,
    17.67131370298982,
    17.50339483753145,
    17.278126262308334,
    17.05788657617923,
    16.82360163463642,
    16.610210121396968,
    16.390724247860113,
    19.05212180674706,
    18.946065986750636,
    18.796401635817023,
    18.602706171442158,
    18.405400035746343,
    18.200518528213404,
    17.99743274821836,
    17.78400110289336,
    17.564047392229817,
    17.34291033163478,
    17.125191705094956,
    16.91792069656819,
    16.706827827841312,
    16.490853327974598,
    16.273229792869223,
    16.55199886012562,
    18.768790678266544,
    18.554204117884723,
    18.355806097707404,
    18.162795701249383,
    17.952881612212828,
    17.746364856301007,
    17.548718959190833,
    17.315416908324956,
    17.12141504824373,
    16.934871222348495,
    16.725301693185706,
    16.539022226140002,
    16.325723729799435,
    16.11498787113904,
    15.919724238710424,
    17.946456308272197,
    18.314072741595364,
    18.262134356643564,
    18.10323329517282,
    17.90810560204323,
    17.693093792520397,
    17.50524296979804,
    17.303218134358545,
    17.09311413295531,
    16.8909556919884,
    16.68032908691915,
    16.484082055319824,
    16.278641229949308,
    16.069802272900706,
    15.863052305717426,
    16.269812097611574,
    17.80661176225822,
    17.945538687877452,
    17.864548927392228,
    17.75337795426495,
    17.58444251404717,
    17.39039605565926,
    17.189755328757453,
    16.993977938194,
    16.7787168677238,
    16.58109478089619,
    16.32967061020775,
    16.145183886347635,
    15.925649724414644,
    15.680789164715026,
    15.46703466700813,
    16.985137767610297,
    17.178542656799713,
    17.268647261666757,
    17.15208590478678,
    16.9485741189827,
    16.793697922643144,
    16.602962647198318,
    16.40430298795028,
    16.236963218685144,
    16.036366643338365,
    15.831120400061655,
    15.611062465820542,
    15.389202514097267,
    15.19137320316552,
    14.955868890174676,
    15.12470965223254,
    16.13830843509961,
    16.240194411262575,
    16.244951811547203,
    16.146534845597166,
    15.949657676678484,
    15.736818700051373,
    15.534878286112269,
    15.351199164010893,
    15.13903447797916,
    14.947215258316614,
    14.757079745691982,
    14.576187775527021,
    14.374955850840712,
    14.177289243602164,
    14.000702117017653,
    14.833383024550432,
    15.117174395300271,
    15.205832691710617,
    15.166290513505079,
    15.095711622701094,
    14.932727571074821,
    14.760526978369665,
    14.57388392701623,
    14.385311174109003,
    14.201675119174004,
    14.028236756122103,
    13.865444440468726,
    13.739839589666389,
    13.637850526349059,
    13.491011075243545,
    13.675340157358317,
    14.193722895999565,
    14.473435369495462,
    14.59508657018092,
    14.523473820316337,
    14.457777910397533,
    14.307017961538872,
    14.148799496371613,
    13.993399805698463,
    13.860861880861151,
    13.712576279692243,
    13.55627152873771,
    13.372948390779555,
    13.217473266408359,
    13.11633791779999,
    13.031783429821811,
    13.491008196395367,
    13.713894582165025,
    13.89884236687009,
    13.89502586833369,
    13.86554446152526,
    13.74426234619973,
    13.62457270874774,
    13.513752861755108,
    13.344589235756676,
    13.196955844239872,
    13.106417299385532,
    12.955349561542965,
    12.802936349022215,
    12.693886696618927,
    12.559600203676599,
    12.617900023066888,
    12.88063272039135,
    13.081767669985961,
    13.235438119261048,
    13.240869197337238,
    13.083140724726423,
    12.961776989819395,
    12.894527041721156,
    12.81334412438115,
    12.670749465456154,
    12.507690800491934,
    12.404475674816691,
    12.30824473499369,
    12.154262804988418,
    12.001477631036915,
    11.88032468096109,
    12.184204399888793,
    12.408608149396311,
    12.69611844971019,
    12.769484202946057,
    12.636024489330513,
    12.510412843095816,
    12.392500584356316,
    12.324937219371444,
    12.261256777242139,
    12.132880858398881,
    12.01463564058742,
    11.869115090339815,
    11.752171330742739,
    11.608158122075539,
    11.52869331020131,
    11.63742379145437,
    11.959085633873336,
    12.337053390489482,
    12.456643087189217,
    12.364779596359384,
    12.234135042105562,
    12.113543187851931,
    12.057047138910065,
    12.002500996292119,
    11.887699710560586,
    11.729562953864981,
    11.601682006673581,
    11.499045254315055,
    11.378123038219272,
    11.341095227043617,
    11.406231476691161,
    11.722559879458476,
    12.22742181452994,
    12.132609719202478,
    12.036531695844173,
    11.936275330570489,
    11.822322879749175,
    11.723214062851614,
    11.66573185456159,
    11.609930979456488,
    11.526994437101374,
    11.436035485098028,
    11.36920991769953,
    11.241160110159504,
    11.213471030803403,
    11.289624167272072,
    11.758022066486419,
    11.936549479112482,
    11.88667246222671,
    11.790410890664711,
    11.709567507947193,
    11.632404784149482,
    11.626872349120186,
    11.572331047556082,
    11.47863232095521,
    11.435282645784312,
    11.361580361617177,
    11.32183861566918,
    11.23903161264556,
    11.172923420141752,
    11.486267882773463,
    11.920531431468506,
    11.810453153339232,
    11.743948370754728,
    11.683113340504896,
    11.613989557758526,
    11.566544167424919,
    11.57392319367324,
    11.531003508958104,
    11.45180082599482,
    11.401944631015107,
    11.354185267486026,
    11.290914989189824,
    11.386858561626406,
    11.556754227604578,
    11.899030688993983,
    11.81373180406989,
    11.69880412547647,
    11.629974735859665,
    11.613751944474512,
    11.559146068589195,
    11.571118961151745,
    11.629310641346537,
    11.609585694946478,
    11.500873059795813,
    11.562182639394527,
    11.58698804251153,
    11.636815909625115,
    11.83089447511811,
    11.821507096328618,
    11.818956483278859,
    11.732360806132533,
    11.663557637561786,
    11.600580378570404,
    11.545973663170095,
    11.570866985588793,
    11.5643258251592,
    11.53524169653347,
    11.487151650560863,
    11.50778292855488,
    11.55436653142125,
    11.555212202955577,
    11.699333576332492,
    11.760473390121074,
    11.789412984443764,
    11.853340857664945,
    11.785644553692787,
    11.742238601549271,
    11.674295724652856,
    11.616290855772556,
    11.569936410374286,
    11.569909903122584,
    11.52417977254792,
    11.680025407778917,
    11.67586257477775,
    11.67386588022386,
    11.741843616438162,
    11.79826028973009,
    11.81809463216183,
    11.828339779824958,
    11.869469159799497,
    11.792735584707469,
    11.68398576951991,
    11.6426761476531,
    11.556226090655693,
    11.529107458081972,
    11.672380951352576
  ],