{
  "lambda": 0.0,
  "n_particles": 500,
  "n_realizations": 5,
  "hbar_mean": [
    16.5484644464395,
    16.322500010417684,
    16.107762324554383,
    18.983485195739583,
    19.071173215678044,
    19.001951208900532,
    18.873228163129028,
    18.721453400816415,
    18.515358392952447,
    18.33405984275695,
    18.107853828496268,
    17.888120012361377,
    17.674230536047595,
    17.5070964499117,
    17.268304697997003,
    17.04074292871531,
    16.79999725877407,
    16.58578885847793,
    16.37070183170386,
    19.037326147803963,
    18.929368277013523,
    18.782048387608178,
    18.592004711444307,
    18.387897981262068,
    18.183196901077242,
    17.978537970701254,
    17.763365987562516,
    17.54615750026156,
    17.32319307030089,
    17.107256800851214,
    16.9007066137101,
    16.683600301715945,
    16.473753042886308,
    16.251090864023404,
    16.488663045749043,
    18.746360705413743,
    18.520417688978974,
    18.324318502175537,
    18.146928140764395,
    17.93565237699432,
    17.72351005435022,
    17.51595711657854,
    17.299970454889277,
    17.10859614873276,
    16.927425080850913,
    16.70661453689025,
    16.52181287281487,
    16.313246650263597,
    16.091228502791854,
    15.908163241113922,
    17.967088068887552,
    18.32341407437745,
    18.26480026787275,
    18.087407087481076,
    17.897799554922887,
    17.675365235813253,
    17.463870156924877,
    17.277469730112095,
    17.064125807957236,
    16.86637571916571,
    16.645388804688686,
    16.442626316189447,
    16.240715489454903,
    16.030924424091793,
    15.823942295177213,
    16.383290694771414,
    17.79537138025125,
    17.90668497168837,
    17.83233300911852,
    17.727730051398122,
    17.56070795179666,
    17.367835363970553,
    17.168636292568884,
    16.966738700725294,
    16.75559017987761,
    16.549917797647772,
    16.31752881777998,
    16.129036422186363,
    15.913051745642827,
    15.653479101955435,
    15.45312345296865,
    17.025606809411176,
    17.183988070537037,
    17.246474573026184,
    17.146217025463105,
    16.966850516409064,
    16.79886561256695,
    16.596501638676592,
    16.41450161488836,
    16.19255762848092,
    16.007219833111193,
    15.777604681352642,
    15.554270275629921,
    15.345269164525098,
    15.125415746522332,
    14.914453293626995,
    14.706645531283376,
    16.146050414039287,
    16.18656143242873,
    16.19237848654666,
    16.068851500671958,
    15.893017022907415,
    15.667963971093934,
    15.46970216087893,
    15.249905687817733,
    15.058832728612993,
    14.890916153829611,
    14.71666216380845,
    14.503760569153641,
    14.321547320889241,
    14.107340586848384,
    13.925590666698412,
    14.81437045948966,
    15.123092587180954,
    15.200446852759137,
    15.165227781133407,
    15.101136107048944,
    14.964434988196292,
    14.767492986715684,
    14.581779437002556,
    14.387340875753882,
    14.215092763812375,
    14.022061260621047,
    13.873121385561811,
    13.725545329457423,
    13.641512112750846,
    13.474670055194261,
    13.596490936673732,
    14.161961079425746,
    14.440368351301794,
    14.561854534596453,
    14.506222465635764,
    14.44460569457516,
    14.272429495301722,
    14.128792602850202,
    13.9936473356627,
    13.844247588658229,
    13.688762546314626,
    13.529176872562818,
    13.348441759670724,
    13.193175122952166,
    13.078857248890534,
    12.961716531563653,
    13.404113427949525,
    13.687637753650387,
    13.847025456348991,
    13.875699255396844,
    13.838880514991232,
    13.727861411251192,
    13.563789738663724,
    13.464731953379433,
    13.296755781369422,
    13.184641096205912,
    13.054177202500142,
    12.909974495884825,
    12.76903231479203,
    12.641586346756725,
    12.538507139272387,
    12.526092905688946,
    12.84408230035477,
    13.052767762836936,
    13.225931395252477,
    13.219462599600869,
    13.071606078146317,
    12.941766780866732,
    12.879585387208152,
    12.803476556794028,
    12.653220343740784,
    12.50755384172613,
    12.401479371823498,
    12.28900667037002,
    12.12834674674424,
    11.987066669253029,
    11.847967347863966,
    12.152241395174203,
    12.421642020486923,
    12.694959043295993,
    12.759389341163205,
    12.614391146203081,
    12.498529555151183,
    12.39071397486715,
    12.319789934941813,
    12.25921575192653,
    12.143410053198448,
    12.02314182344128,
    11.878608097802132,
    11.76968184157281,
    11.618137215084435,
    11.550867786830542,
    11.684284702142957,
    11.977380498060977,
    12.345866698092545,
    12.476504781375187,
    12.36894809312555,
    12.236330805995777,
    12.135687943682782,
    12.046747059144574,
    11.973924282393938,
    11.882389263579832,
    11.727333494463327,
    11.604094840011241,
    11.497629151461021,
    11.381620792516419,
    11.336421423528545,
    11.450941431052433,
    11.714164204809203,
    12.241598695666301,
    12.14878213412948,
    12.056729408860447,
    11.940624644706784,
    11.812499966085017,
    11.739012503327114,
    11.685136492523913,
    11.634158543071925,
    11.560004652244327,
    11.476605370920701,
    11.409285302239583,
    11.276240867410802,
    11.211674729467942,
    11.309249485701438,
    11.764201376823067,
    11.928982282496657,
    11.887268266061753,
    11.79234449916148,
    11.690337884185123,
    11.606247568300788,
    11.601947006498595,
    11.554409767537328,
    11.500343239857916,
    11.46130985194201,
    11.37044190916512,
    11.345882134465793,
    11.244826011305069,
    11.178739562265728,
    11.520413118394732,
    11.93835475719382,
    11.806105572180538,
    11.786310937435028,
    11.708146759290063,
    11.628250949658746,
    11.577155584653564,
    11.552475148779052,
    11.502525502905343,
    11.463165487771551,
    11.406150140751958,
    11.363955379006242,
    11.296244564456464,
    11.400680443722047,
    11.557307026787962,
    11.915364034599744,
    11.831190589190427,
    11.704630075834404,
    11.633442418671509,
    11.645597781790897,
    11.577194997208858,
    11.599351242155961,
    11.638736019778475,
    11.606581445951125,
    11.516529336522705,
    11.565864469134539,
    11.562472096585568,
    11.627748334196298,
    11.841980538561305,
    11.82833033207792,
    11.816811713207297,
    11.744293933351903,
    11.660050703827853,
    11.60101004837408,
    11.543422073806553,
    11.59117864923334,
    11.562731226740397,
    11.532892963912873,
    11.477202258997588,
    11.527333171712243,
    11.566246879258413,
    11.542695256702356,
    11.683555055003234,
    11.776439679994947,
    11.779776985797323,
    11.881427053013416,
    11.79826373001655,
    11.72814220583451,
    11.666049113659406,
    11.627458090661333,
    11.576234243713191,
    11.567673847532555,
    11.522084551403847,
    11.663750705357936,
    11.678498670213525,
    11.664655769591924,
    11.73390208691022,
    11.819014152259289,
    11.840880037699538,
    11.831565914143605,
    11.866880283732177,
    11.7954747027761,
    11.70818192933239,
    11.653222349121446,
    11.59149605911647,
    11.518385065549769,
    11.692184270938355
  ],