{
  "lambda": 0.05,
  "n_particles": 500,
  "n_realizations": 5,
  "hbar_mean": [
    16.5484644464395,
    16.32307099490547,
    16.108249737051413,
    18.97566556159145,
    19.066043853786518,
    18.99758376061421,
    18.895176402276203,
    18.73389173224971,
    18.528233188064966,
    18.335162286208714,
    18.107560522991964,
    17.892274040963123,
    17.681067306828247,
    17.51902875067168,
    17.28560247948706,
    17.06389706569326,
    16.833766868571125,
    16.60985600150744,
    16.40318596887397,
    18.973432410734485,
    18.953219066805616,
    18.804195157053112,
    18.610248429536256,
    18.415535831458165,
    18.223740247221766,
    18.011428848107556,
    17.791554710810637,
    17.57530997241805,
    17.351058399896527,
    17.132889017832746,
    16.923472377130818,
    16.718324814929854,
    16.499421450865302,
    16.27594923971581,
    16.82088192013607,
    18.73047170164238,
    18.575337699152573,
    18.376031092861776,
    18.187096195678254,
    17.980542764117025,
    17.769947086302295,
    17.561992577550615,
    17.351600451026663,
    17.156383196276295,
    16.967467302302193,
    16.7542247680802,
    16.54927260101648,
    16.33510770372559,
    16.134519596297608,
    15.948017744331665,
    17.75279626616732,
    18.30225377435908,
    18.278347163627018,
    18.122663387431906,
    17.932228235829363,
    17.724460682964253,
    17.526843963451505,
    17.311251904207502,
    17.102421410533744,
    16.901826954586458,
    16.709651084789503,
    16.502421727288556,
    16.29862246407152,
    16.090967508180718,
    15.884595406658159,
    16.280064056655924,
    17.794104383366715,
    17.939684557043563,
    17.868767375019438,
    17.761288509705032,
    17.582992526421968,
    17.404908387483125,
    17.208691006201764,
    17.0031756907837,
    16.783625136874512,
    16.58152904050021,
    16.338872894080502,
    16.139134218180352,
    15.917310362167257,
    15.689001049509496,
    15.604795769499015,
    16.74567984087197,
    17.1285666365796,
    17.240322889149454,
    17.15402627187797,
    16.995017146090284,
    16.799105383263505,
    16.612695335797625,
    16.378392467408283,
    16.189871730505963,
    15.993022107568702,
    15.796671998103704,
    15.524884325666127,
    15.336031026168703,
    15.13592807758052,
    14.95959808676433,
    15.180023859195032,
    15.984384255820279,
    16.181075814944727,
    16.193484598072295,
    16.105602234323545,
    15.963316508164434,
    15.76564688967371,
    15.545092869335587,
    15.329522847224876,
    15.128131597639726,
    14.924948189297572,
    14.745422900793177,
    14.543512389231216,
    14.363338889457406,
    14.179142001054672,
    14.128675177281547,
    14.683883794964803,
    15.094889200084182,
    15.229263065095003,
    15.186692195893954,
    15.111665871013178,
    14.967521568352794,
    14.782141385932865,
    14.604956603829075,
    14.424476843471387,
    14.23015547949951,
    14.052546132943409,
    13.886564824046365,
    13.745572697873877,
    13.65228275782988,
    13.564829675682523,
    13.778343048152845,
    14.237913969425307,
    14.44945080804069,
    14.551438905787867,
    14.502645315131954,
    14.442304190952882,
    14.279240667919947,
    14.121115025281853,
    13.972466243222973,
    13.834880261854185,
    13.679232254707397,
    13.51539984432821,
    13.333446232839751,
    13.177469280049497,
    13.082557142266912,
    13.064190563101835,
    13.497416058323248,
    13.648174760157548,
    13.857919420798998,
    13.887135138346713,
    13.834649097110491,
    13.733726843946215,
    13.594760826685203,
    13.477742334723422,
    13.324303498883257,
    13.189581626701926,
    13.066304361782139,
    12.925962535712443,
    12.764249039605383,
    12.662506067221821,
    12.517642175588433,
    12.582482837313766,
    12.870326015490235,
    13.019185584677269,
    13.183123957281003,
    13.187852595846397,
    13.054429502202305,
    12.937862519281927,
    12.85678505978207,
    12.785142160792972,
    12.634266255845885,
    12.482322728765988,
    12.389575602012783,
    12.266325382702155,
    12.117355819921505,
    11.971947762173297,
    11.887551908932842,
    12.155852572063202,
    12.34341700418156,
    12.62065612843092,
    12.734069542469108,
    12.594536690110019,
    12.475409000463475,
    12.34894111869237,
    12.27597240225433,
    12.198370060241858,
    12.074991963487244,
    11.9558018238001,
    11.844558948216019,
    11.720208791935836,
    11.585541042801639,
    11.508868403992139,
    11.641742001824753,
    11.909881033872836,
    12.26560491811762,
    12.392203278897215,
    12.283723932400022,
    12.161549692289958,
    12.034608966642923,
    11.98453769097464,
    11.916222620658283,
    11.805681904769477,
    11.64978291330819,
    11.53201433252892,
    11.436226936250694,
    11.324923037617136,
    11.27130142705209,
    11.324648596132374,
    11.638587433296006,
    12.064952247103863,
    12.048600220760987,
    11.971471840543705,
    11.862714856515728,
    11.758314185429626,
    11.69402102307944,
    11.592344206050498,
    11.5451931506076,
    11.485942090256042,
    11.39942951651901,
    11.324476434635372,
    11.218692415095232,
    11.166205422886259,
    11.25669198678751,
    11.658292762644944,
    11.889145033111983,
    11.809645915175967,
    11.739638000045494,
    11.658691595539542,
    11.58515092005122,
    11.578653868472163,
    11.515226254758847,
    11.4711711896877,
    11.405358533322334,
    11.345313556698468,
    11.291295414248586,
    11.217420374590258,
    11.171433804583447,
    11.425104791587625,
    11.770646017718377,
    11.737855614280198,
    11.670092049702333,
    11.60852744516674,
    11.523250028736916,
    11.483348479596845,
    11.506741426362336,
    11.456541801442937,
    11.426650498336658,
    11.37506362859004,
    11.33382979339765,
    11.241680711333625,
    11.364887462980803,
    11.58377318613197,
    11.80800673924691,
    11.745327682102014,
    11.63960717833793,
    11.584728949859269,
    11.54315883463578,
    11.487293043389567,
    11.469156360499724,
    11.524049086088656,
    11.514491640468918,
    11.464714534641326,
    11.539780971543264,
    11.565465861348596,
    11.609596499047132,
    11.788787446232979,
    11.770543847590867,
    11.74967319977318,
    11.682931934045346,
    11.588864850409891,
    11.537052408649046,
    11.512011219456367,
    11.48827919557105,
    11.483361440982597,
    11.466503536615509,
    11.441972661487686,
    11.505712297282898,
    11.533627779919732,
    11.57476407260422,
    11.707513930034235,
    11.736920936623452,
    11.723747557951574,
    11.781841709214532,
    11.728043599183618,
    11.636994738064503,
    11.620701802230005,
    11.55578838282042,
    11.499777768043558,
    11.459235918131448,
    11.463992689216877,
    11.576423162457491,
    11.625849890436815,
    11.641464683178397,
    11.72918475052289,
    11.760920760916445,
    11.799577571141672,
    11.762222981376485,
    11.798962353312684,
    11.727357501696225,
    11.637056613627923,
    11.568270603666273,
    11.49580398561418,
    11.46407816562903,
    11.546516624642196
  ],