{
  "lambda": 0.007,
  "n_particles": 1000,
  "n_realizations": 20,
  "hbar_mean": [
    16.57130714501076,
    16.345465650714164,
    16.129611620087303,
    19.006049634098737,
    19.0812327867282,
    19.006614716355145,
    18.88241226137124,
    18.715572299792772,
    18.513723754235592,
    18.348582193253538,
    18.106201084867898,
    17.883984824893556,
    17.66682543562957,
    17.505922968305903,
    17.271731956803475,
    17.05060426622008,
    16.814833173256158,
    16.592438101350734,
    16.37556493327115,
    19.06318327391363,
    18.944592718392478,
    18.796122213691607,
    18.60825968556794,
    18.407169717164788,
    18.199776322316843,
    17.988452924733423,
    17.775234649529125,
    17.5540573029981,
    17.33076636952885,
    17.109384246427645,
    16.897480448535084,
    16.6865732615103,
    16.469407338353527,
    16.248554873208057,
    16.527138048871304,
    18.761916680441587,
    18.548457264198184,
    18.345762501030187,
    18.15542233293764,
    17.94366986580747,
    17.732920395399482,
    17.537579046038882,
    17.317806468076697,
    17.121106313243807,
    16.93632363090409,
    16.71533982704405,
    16.524688960040443,
    16.30822444922191,
    16.095345661449237,
    15.903892439211848,
    17.99801827133067,
    18.32315303429385,
    18.260778204090514,
    18.08776813258972,
    17.896443785712357,
    17.67814967920236,
    17.477401704145667,
    17.28265089248973,
    17.072645063779717,
    16.868353989341955,
    16.6643420408193,
    16.458908586235943,
    16.256086164249876,
    16.049395243021944,
    15.838970242474577,
    16.416075970173743,
    17.805148871550678,
    17.916842381191234,
    17.84343811948114,
    17.729960739524547,
    17.556193764329798,
    17.367725714426708,
    17.173204482692295,
    16.965762235317506,
    16.75939029500453,
    16.54793239078847,
    16.316106558817346,
    16.122890073053913,
    15.900456619330708,
    15.654603221905859,
    15.463070869754443,
    17.060188779836093,
    17.206956519124837,
    17.262231352764523,
    17.162931677560778,
    16.982411326385638,
    16.80147545570864,
    16.609015939271735,
    16.402032163573026,
    16.206713728225647,
    16.00806483566111,
    15.78764673029236,
    15.560311646455308,
    15.333285046246598,
    15.120871101282074,
    14.895126431340964,
    14.827745701003,
    16.160186169860744,
    16.212094239142054,
    16.200027487322004,
    16.085795662999956,
    15.90822674527509,
    15.699433131994866,
    15.499631974073898,
    15.285098732313589,
    15.070844445166959,
    14.880248557590065,
    14.708218610227155,
    14.514849040093713,
    14.3257976490083,
    14.134916122166203,
    13.93561287664503,
    14.84087784362038,
    15.159291012817203,
    15.224805757966204,
    15.190460186547611,
    15.09689011944576,
    14.955141976142489,
    14.75426004339242,
    14.567946860287588,
    14.380964730633144,
    14.19130013460978,
    14.004386756783253,
    13.849084656041725,
    13.710580021452852,
    13.632534617757784,
    13.48223222740991,
    13.61008114981232,
    14.211554567683072,
    14.474935063939181,
    14.567589861576318,
    14.510234760979628,
    14.442442461342235,
    14.27486363814901,
    14.129754211743455,
    13.980197414413656,
    13.824297688802087,
    13.667522396000194,
    13.512836108378204,
    13.333502754546595,
    13.175237623474136,
    13.05582729894709,
    12.968818345205463,
    13.369075724825194,
    13.699850398476983,
    13.838877946577316,
    13.857473013267532,
    13.809508255465541,
    13.695272571288617,
    13.53751963441215,
    13.445010831960204,
    13.27047839518805,
    13.155034279731506,
    13.023629010097284,
    12.866482922331096,
    12.711056672413626,
    12.59507818692872,
    12.4731250487568,
    12.479000176561154,
    12.844805255990646,
    13.076043230132049,
    13.227677305407056,
    13.215545037438025,
    13.073022230046359,
    12.942125710598498,
    12.884314862300537,
    12.817102556774657,
    12.677185178926859,
    12.523920745593491,
    12.419570635922929,
    12.300771984480319,
    12.13612432701998,
    11.98074454466727,
    11.838855528220343,
    12.160801481581824,
    12.508673378518191,
    12.737420136790034,
    12.806250771408923,
    12.667388788721011,
    12.54502207146104,
    12.437305769211664,
    12.368824266003344,
    12.303601250060353,
    12.188183612602364,
    12.050280341142312,
    11.920121838533898,
    11.797131114262992,
    11.646828661857056,
    11.56189997813159,
    11.699843631478,
    12.045789520143106,
    12.413885442783283,
    12.529812194029637,
    12.41522744352687,
    12.272197252874486,
    12.168078514540102,
    12.100278002084444,
    12.026976845379238,
    11.943350056322046,
    11.790954010385033,
    11.665427018530693,
    11.548029813739282,
    11.420348436038243,
    11.361832549722383,
    11.487790170031655,
    11.786522654148039,
    12.281237292031038,
    12.197532764169267,
    12.10274061454643,
    11.992772968423036,
    11.86816925991834,
    11.790883844578339,
    11.73166723549073,
    11.67031455994115,
    11.605870603414953,
    11.521514804097354,
    11.445211117580403,
    11.307986586070436,
    11.25185054262206,
    11.366993137457234,
    11.848974385648432,
    12.011529221637925,
    11.955223572494424,
    11.86356072773697,
    11.776035025090312,
    11.69448984896633,
    11.696963032170538,
    11.642861511296793,
    11.56688608628674,
    11.508113209073535,
    11.420871818573564,
    11.369528229550877,
    11.260606157470335,
    11.189168206286586,
    11.556198307595256,
    11.989723171050155,
    11.867128327642273,
    11.825054457262597,
    11.736580988173952,
    11.672651828729327,
    11.620314775053805,
    11.624230123349209,
    11.573380252441888,
    11.525978321671715,
    11.473445442728703,
    11.422916982080078,
    11.34446774974844,
    11.414733555618875,
    11.559040781830003,
    11.958956403690234,
    11.871367539701799,
    11.770783357764923,
    11.70227051107347,
    11.688568551956793,
    11.62477812349132,
    11.638059349776217,
    11.700463995982572,
    11.667561920024621,
    11.575646590567903,
    11.602568811614317,
    11.59638870740787,
    11.685068109151539,
    11.93477562403932,
    11.907059399305915,
    11.886629998633888,
    11.806031310846256,
    11.737423385042904,
    11.674993729319276,
    11.602115984920701,
    11.623509364492056,
    11.613130065434396,
    11.601545158347536,
    11.544138084280174,
    11.584480482637993,
    11.595525853938282,
    11.60201182527692,
    11.760398896293493,
    11.85316581206812,
    11.855497328076742,
    11.922118888988638,
    11.851510188405783,
    11.805572941605218,
    11.731074762243747,
    11.663781941798861,
    11.620067551045434,
    11.611915652715698,
    11.57997447191533,
    11.693593486931885,
    11.734241325284673,
    11.750167723607102,
    11.820330962175031,
    11.890648060126342,
    11.902993735671743,
    11.907406154384484,
    11.919914585571979,
    11.847650583050092,
    11.753036621222764,
    11.693586826524944,
    11.608637486878031,
    11.55090456846793,
    11.701568590297613
  ],