{
  "lambda": 0.003,
  "n_particles": 1000,
  "n_realizations": 20,
  "hbar_mean": [
    16.57130714501076,
    16.345365782991905,
    16.129668255652273,
    19.006473516721556,
    19.07970358331535,
    19.007335022792898,
    18.88211691428247,
    18.715694158240538,
    18.513964649311767,
    18.3483148029191,
    18.104673385488866,
    17.88372201975787,
    17.668495474117254,
    17.507033990984898,
    17.26898142438228,
    17.04877147969004,
    16.81302234438386,
    16.58967205225337,
    16.37410082276909,
    19.060394668575803,
    18.942502717712934,
    18.793847709733193,
    18.60444572816855,
    18.40187558142022,
    18.199261354364126,
    17.987662642029676,
    17.77269428100454,
    17.552244252978475,
    17.328286829046164,
    17.10784080184212,
    16.895790289880015,
    16.684025442634187,
    16.467895508771836,
    16.247646171462744,
    16.52582933076192,
    18.76027660092381,
    18.547084461865143,
    18.344528754807193,
    18.15438639592579,
    17.94156138575407,
    17.732174146628985,
    17.53534002058764,
    17.315598770395095,
    17.120836580082617,
    16.936092316616772,
    16.71503246417455,
    16.525111545195095,
    16.310220210478867,
    16.0949950961648,
    15.905514529832796,
    18.003803013975414,
    18.326093660921234,
    18.262980356790983,
    18.09037564896412,
    17.89434358357091,
    17.679769658356655,
    17.47301650234296,
    17.28125639801354,
    17.068186211499558,
    16.864469396885973,
    16.657378766584735,
    16.451229000065602,
    16.249767024087838,
    16.042243155692567,
    15.83152809690039,
    16.427613404290703,
    17.79921570795054,
    17.90902687706803,
    17.834209348187542,
    17.722151713992833,
    17.544303274071993,
    17.358001537529557,
    17.162489745044912,
    16.95585726864909,
    16.744437598677177,
    16.54355924211427,
    16.309680720677683,
    16.116160461503934,
    15.892891306918093,
    15.647143868277633,
    15.453774159815566,
    17.049552152482953,
    17.20139496866422,
    17.253884784192056,
    17.15158176572546,
    16.963870265676093,
    16.79033723041986,
    16.600263016376516,
    16.396072477702624,
    16.19625175739073,
    15.997323775758227,
    15.785862148513598,
    15.561233475250248,
    15.341076368397356,
    15.1277292977689,
    14.906798418718907,
    14.72244559681629,
    16.179214178632012,
    16.214601192411354,
    16.2008504406867,
    16.091728664333687,
    15.898661527481817,
    15.697625747871564,
    15.491870264439523,
    15.27904370639521,
    15.070248036690984,
    14.879922031165824,
    14.706896288403778,
    14.499283892185272,
    14.31778954668371,
    14.12618053992538,
    13.937720841355548,
    14.837050424110316,
    15.163873987972096,
    15.224843189165309,
    15.19212196718487,
    15.099706614773604,
    14.958459649826825,
    14.7546874078157,
    14.56906192200077,
    14.380024644847623,
    14.189274188236274,
    14.005292325800877,
    13.848901212619989,
    13.704928872013417,
    13.634199739831448,
    13.47263691548145,
    13.600503097612654,
    14.207281062270658,
    14.477610074652626,
    14.56533773140749,
    14.511660729862758,
    14.44783839864624,
    14.277675717640538,
    14.13156656619636,
    13.985518080685313,
    13.832281969287388,
    13.682624494624354,
    13.526727908463087,
    13.348381284834613,
    13.183320607532949,
    13.065370552816706,
    12.980219961902204,
    13.373450722581623,
    13.709523282960571,
    13.856609915857854,
    13.86532235825645,
    13.817065567979943,
    13.709111597095486,
    13.547207897086105,
    13.447990513816183,
    13.270881803824853,
    13.157032457680923,
    13.025809229024585,
    12.871327114426066,
    12.716994826040757,
    12.603357460822753,
    12.489712399668386,
    12.47858785453216,
    12.853352462942663,
    13.087999798944775,
    13.240182926047348,
    13.220460472947305,
    13.078666655176388,
    12.952781926430243,
    12.893977325381403,
    12.830367952084478,
    12.684425240608252,
    12.529937226237077,
    12.424452051717381,
    12.302371431694,
    12.137268420527732,
    11.986787020313972,
    11.845297554641713,
    12.165736973392647,
    12.520993530744807,
    12.75005852842142,
    12.809470750354123,
    12.67192939773427,
    12.55021964307365,
    12.445338194753315,
    12.375481966520542,
    12.307767746473438,
    12.194320651045981,
    12.054186619618962,
    11.92426885666643,
    11.801373334129504,
    11.651548053221905,
    11.568953536086456,
    11.715515474835462,
    12.053178003028163,
    12.43197837079453,
    12.53965643331834,
    12.430411416607388,
    12.291035431074677,
    12.18226504883049,
    12.11237801084321,
    12.04080527165774,
    11.95256889001124,
    11.7999096314761,
    11.673857748879662,
    11.555746986699061,
    11.427469507051123,
    11.369148289773591,
    11.488115669310096,
    11.799737442822952,
    12.300628856438665,
    12.214056845469035,
    12.118734684278596,
    12.01129847011585,
    11.882143413100554,
    11.804149713671356,
    11.75026726837573,
    11.68246672149707,
    11.618014709903246,
    11.536070784554996,
    11.45510995742996,
    11.319047670274307,
    11.263404678913151,
    11.384132483365377,
    11.866641777665496,
    12.025603284831522,
    11.971714608902786,
    11.874496023742187,
    11.789006325951426,
    11.70254943491072,
    11.70459611056636,
    11.651724282153166,
    11.580533178903831,
    11.529616971402806,
    11.43534690819385,
    11.383672873416675,
    11.27251970201267,
    11.201525044039382,
    11.565653469924865,
    12.00209569005202,
    11.875892165602698,
    11.845934449738545,
    11.747343012778796,
    11.687254318254801,
    11.635954650765546,
    11.633495903113998,
    11.582627690974789,
    11.53233725226935,
    11.487890398893734,
    11.432273072419775,
    11.355514401933872,
    11.43058322893192,
    11.575958486165026,
    11.973805526583705,
    11.8819395272088,
    11.78382555469372,
    11.716030292094185,
    11.699037596600807,
    11.634779066177078,
    11.65023406271796,
    11.708564964301003,
    11.680072262300747,
    11.587055307216898,
    11.618765145753269,
    11.611064743453003,
    11.698747718309127,
    11.95120215135186,
    11.920733612829004,
    11.9005660729846,
    11.819477448893293,
    11.749857878514499,
    11.68642466089138,
    11.615394327032677,
    11.635958822444518,
    11.625510708668894,
    11.606072564263172,
    11.555977103284127,
    11.597377104352471,
    11.608042769093291,
    11.61654740497147,
    11.768820197647688,
    11.86600625646354,
    11.871574031373882,
    11.944931763943988,
    11.864679439419415,
    11.824804834513372,
    11.744951159136551,
    11.678616921869619,
    11.629516340044878,
    11.620386242169847,
    11.587547497601829,
    11.705214925238982,
    11.746612020750494,
    11.759779854513043,
    11.82778405876366,
    11.901644752868414,
    11.919476001843421,
    11.91626273179268,
    11.929797109320583,
    11.857684734286146,
    11.76470087516271,
    11.704086590775379,
    11.626174558317977,
    11.562108860329664,
    11.71660798398451
  ],