{
  "lambda": 0.0005,
  "n_particles": 1000,
  "n_realizations": 20,
  "hbar_mean": [
    16.57130714501076,
    16.345365782991905,
    16.12983692667663,
    19.005592661415907,
    19.07933665277263,
    19.007655720058327,
    18.882479418604866,
    18.715389448155523,
    18.51217182481695,
    18.345820832801397,
    18.10492550856641,
    17.88215643789047,
    17.66679646230399,
    17.505029761376218,
    17.265992495631387,
    17.04676021842506,
    16.81094383368444,
    16.587637711237452,
    16.374515247985645,
    19.059176303481422,
    18.9421686430136,
    18.791452869489262,
    18.60337647514627,
    18.40212604683891,
    18.199042435028268,
    17.986879917348936,
    17.771323570299806,
    17.550163830662818,
    17.32601597756977,
    17.106272389291988,
    16.893906150310883,
    16.682115978408362,
    16.466398270790734,
    16.246869278151518,
    16.5114952327532,
    18.759097579500285,
    18.544447307753153,
    18.340855936884825,
    18.15387739424301,
    17.93782171461404,
    17.730691846421976,
    17.531158847893128,
    17.313058308163537,
    17.117089880550044,
    16.932164241599153,
    16.712993697216664,
    16.521762394609116,
    16.309083147575667,
    16.09152269717056,
    15.903329885846807,
    18.005119276608728,
    18.327090978057967,
    18.26417815908792,
    18.094255800657603,
    17.900203477260042,
    17.684399634756474,
    17.483046944356573,
    17.28880930075439,
    17.07539194952321,
    16.874899361116512,
    16.664572480775416,
    16.455469126869026,
    16.250462755234395,
    16.043960235554486,
    15.83392094206907,
    16.43323585231095,
    17.80307031637198,
    17.915665012455115,
    17.83915018468987,
    17.724906070993864,
    17.54671958919528,
    17.35950673457956,
    17.164024477218586,
    16.95894552970517,
    16.74788954561478,
    16.54595027811651,
    16.312020830379716,
    16.118319129380563,
    15.898740559056469,
    15.651554204665027,
    15.45330931429783,
    17.058875977750965,
    17.208699187739146,
    17.262207850492985,
    17.159296722908536,
    16.978168361749923,
    16.805717416877194,
    16.605711063461662,
    16.396386864220297,
    16.193980339650018,
    15.997328099251638,
    15.7862205950745,
    15.559083518843329,
    15.35332690982828,
    15.141063369588583,
    14.919465199454212,
    14.71616857894595,
    16.192801733641183,
    16.22825151707956,
    16.21302845784898,
    16.103446760918196,
    15.91667869833251,
    15.698818444635132,
    15.496502292333329,
    15.29033319139979,
    15.081641900800895,
    14.891225818449026,
    14.71043929940619,
    14.524182847775554,
    14.341592132403331,
    14.139588662045895,
    13.939568458090445,
    14.845199111628478,
    15.16216937278945,
    15.222095439576922,
    15.18254005818616,
    15.087290242927413,
    14.945269066748839,
    14.74724513239319,
    14.558531741344492,
    14.368396328316408,
    14.178574485735279,
    13.995117859941212,
    13.835387845499728,
    13.701047462241158,
    13.630991979134484,
    13.46774575146679,
    13.578224997938118,
    14.198090525096543,
    14.464178220757692,
    14.555629784075583,
    14.498017748569529,
    14.436749068883262,
    14.269340101563836,
    14.124288184523044,
    13.981536871442774,
    13.831741765343816,
    13.673830354162689,
    13.514093124886845,
    13.346802645830866,
    13.175922809184295,
    13.05202318905187,
    12.974146307141751,
    13.36445101882332,
    13.70365682497417,
    13.845045573788326,
    13.862416518525189,
    13.804865896329826,
    13.697333174234762,
    13.538699920320472,
    13.445291457021849,
    13.262844415072843,
    13.147330688456908,
    13.01537072745719,
    12.858927534882204,
    12.70694023932771,
    12.59469790251006,
    12.483082786597974,
    12.465311443622337,
    12.845574810558782,
    13.081459900632433,
    13.233611739820123,
    13.212230790548807,
    13.072842473473335,
    12.94540962990629,
    12.888974829152115,
    12.823166386292286,
    12.678612566073294,
    12.524997238597766,
    12.416524386493364,
    12.296859563092195,
    12.133996689284924,
    11.980778249401094,
    11.837290187951783,
    12.15557642231318,
    12.514120660543945,
    12.745962501453919,
    12.80060640607304,
    12.665631877091412,
    12.54298264553575,
    12.439503150938382,
    12.371778040724326,
    12.303512675730342,
    12.189100973981931,
    12.051623586438842,
    11.914019479668031,
    11.794477950242976,
    11.646236791384611,
    11.562423930263304,
    11.708546298437609,
    12.04523723580478,
    12.424428654605085,
    12.53654272487915,
    12.430366632265182,
    12.288648341989369,
    12.177809243302441,
    12.10546303297856,
    12.031686277631831,
    11.947635370536902,
    11.79424992413638,
    11.667342091505095,
    11.54907450861489,
    11.420978910043253,
    11.363363164074311,
    11.487013346873379,
    11.790897383271277,
    12.291574691214684,
    12.213543229070329,
    12.116576369419457,
    12.008732886889977,
    11.87995523922461,
    11.80378453115944,
    11.749825261023162,
    11.678193108603079,
    11.61888921386604,
    11.532525087840703,
    11.449129708919866,
    11.312591303891704,
    11.25707243064613,
    11.381974105608077,
    11.863250529657522,
    12.01979797083366,
    11.966099951739457,
    11.868054803558442,
    11.78462899608867,
    11.698505174153004,
    11.699368605011921,
    11.649185415838035,
    11.575615209126045,
    11.528544124868858,
    11.425383036970022,
    11.374545737869695,
    11.262558842889113,
    11.197049540192527,
    11.558933868979068,
    11.996366488293344,
    11.871190680251065,
    11.841050789018789,
    11.743107717986351,
    11.680747199525843,
    11.634713976222367,
    11.628353619878373,
    11.583887843821921,
    11.533241167597826,
    11.483784067872822,
    11.422288608702042,
    11.346624996494459,
    11.423912016726394,
    11.570222744296641,
    11.972309728060107,
    11.881055755197684,
    11.777820866269773,
    11.712805957516954,
    11.69367405570034,
    11.632527860538044,
    11.64706679655681,
    11.709479871726984,
    11.679393393044268,
    11.587120054551322,
    11.614513109240129,
    11.605709774889538,
    11.69198341540486,
    11.947263677050818,
    11.918963660831622,
    11.89442552572805,
    11.809687412237004,
    11.741861390358808,
    11.67801541903615,
    11.61044498456402,
    11.633106833390835,
    11.625979577188271,
    11.60556832499287,
    11.558055451703034,
    11.592624512795613,
    11.608756445632357,
    11.611494205025135,
    11.760526473196549,
    11.861376418829993,
    11.864139671236634,
    11.938160998000928,
    11.856347287838856,
    11.815912823255541,
    11.73710218553537,
    11.670590756904256,
    11.620650784041024,
    11.614259796821665,
    11.58571995017731,
    11.69906273539233,
    11.743998100996226,
    11.756438725591073,
    11.819861692867189,
    11.896950492500762,
    11.911485510772122,
    11.911433876499407,
    11.922323236374414,
    11.852410001802498,
    11.754140842309663,
    11.695767737613,
    11.618801377259292,
    11.558371938772675,
    11.710410699248595
  ],