{
  "lambda": 0.0,
  "n_particles": 1000,
  "n_realizations": 20,
  "hbar_mean": [
    16.57130714501076,
    16.345365782991905,
    16.12983692667663,
    19.005139839384476,
    19.079362956665868,
    19.007732889585853,
    18.88236225884774,
    18.715423113337856,
    18.51217182481695,
    18.34554591470339,
    18.10525483637354,
    17.881719945906745,
    17.66637940661149,
    17.504167785992735,
    17.266840973810258,
    17.046285145065873,
    16.8102713535133,
    16.587075412276583,
    16.373751544822138,
    19.05888109741371,
    18.941268317485914,
    18.79081166646201,
    18.602019620572765,
    18.399800223492903,
    18.197139634992524,
    17.985662031388163,
    17.769689748146444,
    17.54885368958718,
    17.324380279873665,
    17.104083991393903,
    16.892112875461883,
    16.68017526303632,
    16.464004479811653,
    16.246105312929338,
    16.507763172630945,
    18.7569625389243,
    18.541931826587337,
    18.340322001518818,
    18.152243368033908,
    17.93685571524295,
    17.72917540042555,
    17.528568999514306,
    17.308171503230163,
    17.11476016178786,
    16.929362010407026,
    16.71010244279025,
    16.51825895086636,
    16.306891666981308,
    16.089929274549355,
    15.90173484295334,
    18.004620646777852,
    18.321471371035592,
    18.25848873916694,
    18.087636710429507,
    17.895311706623005,
    17.677848226633014,
    17.474012488035974,
    17.280961451414207,
    17.069415648739636,
    16.86662847411626,
    16.65976919096169,
    16.452631573771395,
    16.249917604650587,
    16.042771733712506,
    15.831948317737153,
    16.42980303993603,
    17.801386950136404,
    17.911605831856754,
    17.83648586032295,
    17.723270729813596,
    17.544191261941414,
    17.356276270877323,
    17.15957844329639,
    16.957049964568238,
    16.743572480816574,
    16.539450826270503,
    16.305893614082656,
    16.112957264228637,
    15.894200728345362,
    15.646913307500304,
    15.449883728891686,
    17.05406848393564,
    17.204078315371408,
    17.25242115267012,
    17.151736914909915,
    16.97481435800934,
    16.799502533061126,
    16.602383410652354,
    16.401007765645016,
    16.202209758076364,
    16.004239522287286,
    15.7789336922006,
    15.555331541478742,
    15.339540329328704,
    15.126619523558901,
    14.91038916452224,
    14.706966660520308,
    16.18912304176839,
    16.22616342244919,
    16.214488179613195,
    16.101247394108356,
    15.926404352744362,
    15.712779552862724,
    15.510516045180532,
    15.30008384543711,
    15.087707187723893,
    14.896712717841016,
    14.718504303759726,
    14.520344459484221,
    14.331793269917167,
    14.129267384812948,
    13.938687177870037,
    14.839294356727294,
    15.164039410979584,
    15.225368412449082,
    15.1882488749402,
    15.093804174223001,
    14.955793343209141,
    14.753132304857349,
    14.564497908238058,
    14.373552159421413,
    14.1855005202116,
    13.996330719561092,
    13.837867299605985,
    13.697500199935453,
    13.625523269960993,
    13.463417979462388,
    13.575834381044135,
    14.196652450851113,
    14.463148885739335,
    14.562026359999473,
    14.502753963928171,
    14.435285188497701,
    14.27064898599881,
    14.12553630989249,
    13.982164509631499,
    13.828523628437555,
    13.674669855183046,
    13.515614122982962,
    13.34349048332501,
    13.17876326703034,
    13.056558273004692,
    12.973593465611268,
    13.369969363567648,
    13.705310386517535,
    13.848080296377745,
    13.86403814117213,
    13.805503087905876,
    13.696512609003644,
    13.537794912200713,
    13.438400388577856,
    13.261510845976265,
    13.143822240327534,
    13.013042543541667,
    12.860506799956795,
    12.705093438006708,
    12.590461870504926,
    12.476980121041478,
    12.463306053894048,
    12.844199903017302,
    13.080936282791095,
    13.233185269603833,
    13.211965579090755,
    13.07206717800284,
    12.942438839155878,
    12.88913965199724,
    12.822113878487514,
    12.67268747326291,
    12.522987883677247,
    12.415037855690192,
    12.29757090506514,
    12.131983145483536,
    11.976587206942238,
    11.834824705910533,
    12.151293977069068,
    12.511312564531435,
    12.745123578094484,
    12.803492786367503,
    12.667765241354537,
    12.545851854121988,
    12.440053135696264,
    12.369478425724228,
    12.302602487792186,
    12.185414619894777,
    12.048760836725378,
    11.915335392110206,
    11.796260755583221,
    11.646857389224003,
    11.560801235745995,
    11.70733946981665,
    12.043352461168253,
    12.424743819094367,
    12.534234005782992,
    12.426779785807552,
    12.286951396601529,
    12.179098144762905,
    12.104585106433978,
    12.033958484410586,
    11.948190287950126,
    11.79397547930546,
    11.668462095549295,
    11.550756691580922,
    11.423936799348395,
    11.364788359999475,
    11.489182276076004,
    11.78977090972555,
    12.291014873040767,
    12.20987051494299,
    12.114566572261234,
    12.004449929280083,
    11.876603771692775,
    11.799375087477717,
    11.747603460123875,
    11.675423237815732,
    11.614743308271724,
    11.531497055046861,
    11.451493421009166,
    11.315799573079316,
    11.257719473586151,
    11.3816122682896,
    11.8631791315388,
    12.016079505434334,
    11.964874807780792,
    11.867787963059094,
    11.783710763031456,
    11.69664627618489,
    11.694707513498145,
    11.646375216628849,
    11.576078440519055,
    11.530943954397582,
    11.424931403554865,
    11.374605735448423,
    11.266338139997526,
    11.20101155745081,
    11.563477307830388,
    11.999147263458616,
    11.872524892474608,
    11.841645394692774,
    11.744439861114033,
    11.681121216822325,
    11.634480133773973,
    11.627029055433733,
    11.579815347566129,
    11.52910488868551,
    11.48450559723992,
    11.423893995274446,
    11.345846080873418,
    11.426970379131687,
    11.568143718050733,
    11.971712525719507,
    11.88404688786566,
    11.777788384552249,
    11.71250445056663,
    11.69172660617708,
    11.629718917118439,
    11.646614115580615,
    11.705882848715556,
    11.677417999083762,
    11.582168217095342,
    11.612988980375892,
    11.603722304008972,
    11.68783881030176,
    11.944139358870526,
    11.917987873823954,
    11.89244830405315,
    11.809913027834945,
    11.744350028135724,
    11.678402621621128,
    11.610399908049471,
    11.63099088535774,
    11.622151664308529,
    11.60319979040952,
    11.554107493671292,
    11.587071688083917,
    11.605251954275406,
    11.610783068915927,
    11.760593075215555,
    11.859968630377686,
    11.866332118608629,
    11.940807726233349,
    11.862616783116852,
    11.820873528171319,
    11.741394116823695,
    11.675062718163073,
    11.623995796837365,
    11.617729591276532,
    11.583640089407034,
    11.696923491876621,
    11.742629987026621,
    11.753155334538013,
    11.81968441375929,
    11.896571125042302,
    11.914488176731812,
    11.913194698727763,
    11.922837362790492,
    11.852990522496157,
    11.758453553145005,
    11.699320051559411,
    11.62163875399616,
    11.559092414799988,
    11.713042354148712
  ],