{
  "lambda": 0.005,
  "n_particles": 1000,
  "n_realizations": 20,
  "hbar_mean": [
    16.57130714501076,
    16.345465650714164,
    16.129674644426732,
    19.00630446255918,
    19.08020296144729,
    19.00728363381797,
    18.88244753682215,
    18.716004582736538,
    18.513564831628493,
    18.349809676894488,
    18.105056849400505,
    17.88385041883255,
    17.66803052409178,
    17.506415993047007,
    17.270738022840586,
    17.049755384516633,
    16.81401456456711,
    16.589800040054847,
    16.373845974479234,
    19.06213654317726,
    18.942610831006995,
    18.794847145561114,
    18.605937666117832,
    18.404166705211388,
    18.19949311912074,
    17.98729221606528,
    17.77357932544846,
    17.55300970129361,
    17.32894336985697,
    17.10846673853947,
    16.896465537704326,
    16.685323779843273,
    16.468282734888042,
    16.24349455068305,
    16.5250410540965,
    18.759746402027613,
    18.546335172261966,
    18.34345156557784,
    18.155510292020594,
    17.94099116760579,
    17.734538459343135,
    17.53401424197327,
    17.31691009688003,
    17.120345311739374,
    16.937255131370694,
    16.716327561413856,
    16.52623007677124,
    16.310395487286765,
    16.09443177501752,
    15.905794938360819,
    17.99778221728051,
    18.325363174935088,
    18.263434397550736,
    18.093329444349422,
    17.901286805488393,
    17.680240074262304,
    17.47639427432633,
    17.282242418340232,
    17.074768800363103,
    16.8697576175709,
    16.661986835706312,
    16.453899521670284,
    16.251774156357353,
    16.044847262605455,
    15.834430112924727,
    16.43034253924377,
    17.80139782344649,
    17.911995988434885,
    17.837227765834108,
    17.725541881907837,
    17.54986808494389,
    17.363129443832268,
    17.16897183661806,
    16.959452835643937,
    16.748837446412615,
    16.544518058238264,
    16.313691809859257,
    16.117535724859135,
    15.894408245946712,
    15.649388363397957,
    15.458470335739412,
    17.058594517384304,
    17.20099995558752,
    17.255593277365083,
    17.16191132035645,
    16.968390064413594,
    16.79628108681299,
    16.598573632305605,
    16.39454890400875,
    16.200854542018945,
    16.006719403891047,
    15.792540684937553,
    15.563588290040588,
    15.345564367113894,
    15.134878098353388,
    14.914009262841669,
    14.798304157358402,
    16.184411454406682,
    16.224912969860444,
    16.212878059539825,
    16.10729574729563,
    15.928476600429875,
    15.719159545986122,
    15.512846104397335,
    15.305242558345885,
    15.09140261844201,
    14.898791947618903,
    14.720587893650315,
    14.528951417802759,
    14.336463268131848,
    14.140534196825552,
    13.942614209596664,
    14.846491371884904,
    15.16372241660371,
    15.22528975069697,
    15.191369244338825,
    15.09525104806753,
    14.950508511085436,
    14.751390249976904,
    14.564888748721605,
    14.379210825257653,
    14.191268378641187,
    14.001932230839852,
    13.847084172798123,
    13.702605421643238,
    13.62999493243898,
    13.47483159517482,
    13.606572440310192,
    14.207966566871145,
    14.478673740210485,
    14.560766151479779,
    14.514535112610895,
    14.4420052117808,
    14.276736533162278,
    14.139990596579821,
    13.99017265667465,
    13.833253141988143,
    13.67393725175483,
    13.520258024343537,
    13.343884572715618,
    13.180265683606596,
    13.06088561254388,
    12.970015168687302,
    13.370581223768529,
    13.70220146306221,
    13.839948411471067,
    13.858544977728647,
    13.805564354894733,
    13.703423844095848,
    13.53649814066325,
    13.444961604402911,
    13.267242457474037,
    13.154892327137997,
    13.024734216840873,
    12.864585988290486,
    12.713698538353855,
    12.594301013003044,
    12.479036133984357,
    12.473893616921647,
    12.845393614268971,
    13.07876700305585,
    13.23157957617489,
    13.218026767199614,
    13.076446086543374,
    12.949620349396696,
    12.89405522707555,
    12.830551892210249,
    12.687016948531696,
    12.529588417233693,
    12.423009964800741,
    12.304134533751174,
    12.140639101237962,
    11.986572208608731,
    11.8396170446426,
    12.161558853584479,
    12.513089468334828,
    12.743021300433831,
    12.806079550123124,
    12.670950742391485,
    12.548592340265056,
    12.441857472624962,
    12.373991937779978,
    12.309383786319437,
    12.197050380523898,
    12.054789641654889,
    11.923009842937097,
    11.79660775234649,
    11.648218415891623,
    11.564755531245112,
    11.704504002755012,
    12.044872886433378,
    12.416771045237628,
    12.534567267409887,
    12.422588525089296,
    12.280412610648778,
    12.172944054938426,
    12.103887600860116,
    12.027734695750274,
    11.947451211139413,
    11.793826629744396,
    11.66578629696606,
    11.548017601001504,
    11.421383971727394,
    11.364006155713403,
    11.483001431697405,
    11.783021011341116,
    12.286893135615186,
    12.201299552776804,
    12.105909330132288,
    11.996117277351555,
    11.874873387890615,
    11.793267768990626,
    11.741257444671023,
    11.678671232863868,
    11.613086888355198,
    11.527340184913275,
    11.448882914709094,
    11.311204479974531,
    11.257180085125825,
    11.37416875318132,
    11.855743986792021,
    12.014898096128942,
    11.959916918188183,
    11.865759003296056,
    11.778370898781397,
    11.695789819120547,
    11.697106845307468,
    11.643348207757125,
    11.57300298827177,
    11.519243628731981,
    11.427643716516485,
    11.376316686622877,
    11.263896078565754,
    11.195435452108738,
    11.560406663892596,
    11.993187745684557,
    11.868232625092014,
    11.827088972209124,
    11.735830859392635,
    11.674000158421359,
    11.625616168457318,
    11.625981571078773,
    11.573629099153637,
    11.526993615073474,
    11.478494702690714,
    11.422297117832795,
    11.3460987465746,
    11.42107371014999,
    11.56374775727224,
    11.965249707840503,
    11.87510379523803,
    11.775710418333928,
    11.704534026843461,
    11.684492730041494,
    11.621411799690083,
    11.636022950101601,
    11.698273273711486,
    11.668482633816556,
    11.578985759472815,
    11.608391829571108,
    11.600598312094808,
    11.68795510157447,
    11.938393509841026,
    11.91253964967747,
    11.891145818671642,
    11.805303374316725,
    11.741640812221174,
    11.67421049011114,
    11.602930797578548,
    11.622121873558246,
    11.611055287500022,
    11.596659228207466,
    11.54349915159931,
    11.591651807058478,
    11.602297569208153,
    11.605823204028784,
    11.760623814024035,
    11.855867852476049,
    11.857858830232555,
    11.931306588789786,
    11.849368250479595,
    11.808895571236558,
    11.734454818960891,
    11.666802321002553,
    11.617571075095352,
    11.606659641960569,
    11.57664887475887,
    11.69425576065916,
    11.736360234328378,
    11.751435071242058,
    11.820953009349486,
    11.892271785989669,
    11.912236031351899,
    11.907352884791486,
    11.92201645579909,
    11.845980196063937,
    11.754424076994493,
    11.692156083948065,
    11.613255144262455,
    11.552766986670756,
    11.701899341683399
  ],