{
  "lambda": 0.015,
  "n_particles": 1000,
  "n_realizations": 20,
  "hbar_mean": [
    16.57130714501076,
    16.345564864492037,
    16.129629644330272,
    19.00540976967033,
    19.08261473746148,
    19.00697535537362,
    18.883718536297994,
    18.71607562639469,
    18.514729641683424,
    18.349393688491382,
    18.108008094169357,
    17.884900469129004,
    17.66813757253704,
    17.50602066615517,
    17.275174106718527,
    17.05087641071131,
    16.815869370926187,
    16.59198317896502,
    16.37816673950649,
    19.065592468824217,
    18.945591161217433,
    18.796179605001427,
    18.607323051655978,
    18.407589333376798,
    18.202312701851092,
    17.989507957041923,
    17.774448491942476,
    17.554438591595424,
    17.330096870055904,
    17.109391109901516,
    16.898367863938635,
    16.68655568665623,
    16.468748649444322,
    16.25168567372369,
    16.559818276850113,
    18.761422247529435,
    18.548038867488536,
    18.346949917337334,
    18.15619995198917,
    17.94464737233645,
    17.73873269823007,
    17.537653832015945,
    17.322124702965045,
    17.12199784726537,
    16.93726967435969,
    16.71830622669487,
    16.527796663345036,
    16.31239159455461,
    16.09363997563558,
    15.903952574938874,
    17.983993421066025,
    18.325928635940667,
    18.260757540896623,
    18.089946842980275,
    17.89805310715602,
    17.684040825383867,
    17.480745213777833,
    17.28134332993944,
    17.071963710020967,
    16.867506285183328,
    16.665197859920475,
    16.46074022966011,
    16.257481601388854,
    16.050397656085206,
    15.842159947229499,
    16.405768286921315,
    17.79874867852445,
    17.919777014241273,
    17.845819672243884,
    17.735741238405353,
    17.557337458028922,
    17.36718791266224,
    17.173719754585616,
    16.96757038999518,
    16.757454643259276,
    16.551767284451472,
    16.318272658888457,
    16.125316840002448,
    15.911232346149324,
    15.662101132982864,
    15.46911937937215,
    17.04045858008505,
    17.20599556570635,
    17.27004412283911,
    17.17517849251534,
    16.989290002168275,
    16.814748545657693,
    16.625911274506986,
    16.42033520722911,
    16.224374378522903,
    16.02544398203662,
    15.801990777823116,
    15.571880260118514,
    15.36206925664718,
    15.149057051331999,
    14.929716848828004,
    15.010500117349352,
    16.19079419476723,
    16.249458826163213,
    16.236136160212276,
    16.125870843095406,
    15.91900494819615,
    15.715176774869168,
    15.517759871359399,
    15.313015875843423,
    15.09904394447175,
    14.910368417877981,
    14.73424716147801,
    14.534206155448905,
    14.344762067793203,
    14.147219469912809,
    13.948709583220813,
    14.861285792930019,
    15.174996913949746,
    15.241329546218159,
    15.210312771744118,
    15.120431643641613,
    14.972129922165516,
    14.775542421537285,
    14.591295733984499,
    14.402255829366336,
    14.215488518699072,
    14.029621698130802,
    13.866741811716247,
    13.72452735595734,
    13.650765963471935,
    13.49859858905852,
    13.658881970102275,
    14.237724833210274,
    14.487822643664837,
    14.57417077047396,
    14.523986412239765,
    14.447372039516157,
    14.288380976708547,
    14.143240165295651,
    14.006162763345055,
    13.846632378422404,
    13.694200303103756,
    13.540003530042444,
    13.356231896052758,
    13.189129888219734,
    13.070815176114674,
    12.980563229259928,
    13.383645953160146,
    13.707767912769219,
    13.853565950553513,
    13.860133840879746,
    13.81927375763282,
    13.695321332596043,
    13.547268237269469,
    13.44355687901601,
    13.276764671039754,
    13.158174051522986,
    13.034659372046125,
    12.876634452309236,
    12.723897993216292,
    12.605519838981852,
    12.47635432285215,
    12.507991245202344,
    12.844772877504804,
    13.081647602045972,
    13.224836411464583,
    13.214844494939133,
    13.077584350968504,
    12.95252849730549,
    12.88904270869772,
    12.809769073889168,
    12.675657902409739,
    12.519589739501985,
    12.411659234760839,
    12.299912082255716,
    12.141393369296667,
    11.986006514824684,
    11.847791382043383,
    12.165691558446273,
    12.502014571112804,
    12.731733375440605,
    12.810610760516216,
    12.670856095037035,
    12.548268694944717,
    12.442014552724258,
    12.378459676663178,
    12.309690592817153,
    12.190344723959694,
    12.050657119860363,
    11.920299469186755,
    11.79574377264388,
    11.652123781275629,
    11.565768598718282,
    11.690496002772395,
    12.047051805719757,
    12.410766665550465,
    12.531693437086707,
    12.417286301864168,
    12.275886782829119,
    12.165946302423178,
    12.104869559877875,
    12.032520410379302,
    11.936497671278548,
    11.783846561473482,
    11.65315673920272,
    11.54134495866409,
    11.416760753564638,
    11.362818587127306,
    11.487737446493474,
    11.786804823454537,
    12.279750622984134,
    12.189406994919388,
    12.094675595477076,
    11.985221855487492,
    11.861112775186703,
    11.788200352355545,
    11.725590927201626,
    11.657009942628987,
    11.595603674042353,
    11.509838429652516,
    11.433383010778206,
    11.303152511533991,
    11.25135696211039,
    11.364006859247187,
    11.843827541280731,
    12.025523002240208,
    11.956616333544108,
    11.861535668618034,
    11.782346991223607,
    11.698332838118725,
    11.702029239476921,
    11.645754109718144,
    11.5733255682039,
    11.508773651205662,
    11.428680318797449,
    11.369009744877626,
    11.259797466584256,
    11.193809612668925,
    11.560803840141592,
    11.98489805112002,
    11.867551836190621,
    11.810698670200539,
    11.732065659065805,
    11.669208341749052,
    11.62126923790273,
    11.629453763622651,
    11.574244246395795,
    11.525557094299263,
    11.460281508606581,
    11.412522077738151,
    11.343677184973485,
    11.408715506426825,
    11.54822592524797,
    11.945640054419826,
    11.861959930038404,
    11.765877045993943,
    11.70228555199701,
    11.676665992645678,
    11.623887925065825,
    11.633202056601501,
    11.696681061643185,
    11.66104206767999,
    11.567558415907527,
    11.591857396833614,
    11.59170601673849,
    11.676322979570749,
    11.920007359272489,
    11.891695916876404,
    11.871956458278776,
    11.791437171272682,
    11.728153658071552,
    11.670618709829586,
    11.608660013025618,
    11.621988780472625,
    11.61613235871767,
    11.601331090285688,
    11.542813066352561,
    11.575579655114051,
    11.590235925309912,
    11.604836243589062,
    11.768900076388428,
    11.844464560052469,
    11.843271028611097,
    11.90627383145144,
    11.836688293252461,
    11.79275952142096,
    11.73004421317152,
    11.668174024799402,
    11.618845063073417,
    11.607091667295261,
    11.575664469650258,
    11.686312485311207,
    11.729323053159895,
    11.744379574038,
    11.813920962651157,
    11.878800818555677,
    11.89151032832693,
    11.895509694305074,
    11.921020770754062,
    11.841251156657814,
    11.749517038923567,
    11.691381041172189,
    11.60834551687189,
    11.567981399553902,
    11.697767087271746
  ],