{
  "lambda": 0.01,
  "n_particles": 1000,
  "n_realizations": 20,
  "hbar_mean": [
    16.57130714501076,
    16.34552856385581,
    16.129552534419673,
    19.005456234536485,
    19.08210454952127,
    19.006193229864145,
    18.88367586033818,
    18.7143465578539,
    18.514096029405536,
    18.349641210745414,
    18.107431380992693,
    17.88505699927031,
    17.667349538594074,
    17.504666652760555,
    17.27156700717577,
    17.049602378768718,
    16.81335338546681,
    16.590569903076982,
    16.375404963312132,
    19.063267748854333,
    18.941997129727856,
    18.79531175338085,
    18.6068024446813,
    18.406569910542153,
    18.200281228020852,
    17.987390158805106,
    17.77220031001944,
    17.552282564136455,
    17.32841877489965,
    17.107655772458237,
    16.89700830769472,
    16.68506830236236,
    16.46769120708948,
    16.245537453905815,
    16.524854404529478,
    18.76147566970323,
    18.54520048476345,
    18.344911293022108,
    18.15317151671169,
    17.941761505927165,
    17.732809976117988,
    17.534653421519913,
    17.31648965659529,
    17.117566400032455,
    16.933606590453646,
    16.717159806234058,
    16.52395734060413,
    16.310203126801895,
    16.09249217849935,
    15.904137680931271,
    17.993254406929466,
    18.323729501630666,
    18.26123204282579,
    18.088229129621872,
    17.894254690988387,
    17.680383486076806,
    17.4771293416946,
    17.278525521830638,
    17.068530821307284,
    16.865604344100234,
    16.66236869014526,
    16.45760743616115,
    16.25392122637826,
    16.046709283800674,
    15.838064042778438,
    16.402345610325103,
    17.80062033135814,
    17.91503459072362,
    17.841413954392955,
    17.730816338822333,
    17.55411525372366,
    17.365839718546837,
    17.170764197659338,
    16.96539394086544,
    16.754551517916028,
    16.54590964204592,
    16.314671798589366,
    16.120218977401937,
    15.9027978236948,
    15.654140446363982,
    15.464608771341982,
    17.057509556088185,
    17.209262370508068,
    17.268679227482714,
    17.16338235540109,
    16.98173946348282,
    16.80446952863208,
    16.608654353089012,
    16.403837467649836,
    16.22066686996789,
    16.019664672626238,
    15.802684255764907,
    15.573333117788565,
    15.350413971108253,
    15.13934303091472,
    14.909623912392348,
    14.897092288278188,
    16.17988539902505,
    16.2298584224425,
    16.215431550486464,
    16.113649635830377,
    15.910904679388818,
    15.705533197327924,
    15.510843857931855,
    15.305859686128198,
    15.094911595240808,
    14.906619502856099,
    14.72533854463288,
    14.53634877275052,
    14.345806183881592,
    14.14782848757857,
    13.945332978554678,
    14.855748889882097,
    15.162182214490858,
    15.22794464198076,
    15.187575590237808,
    15.096735693506556,
    14.955194613275557,
    14.758457043131846,
    14.570015750360108,
    14.378336168644157,
    14.19623099196279,
    14.006899924277164,
    13.853042508758335,
    13.707983931449203,
    13.636612263684409,
    13.480335327846962,
    13.616162097765557,
    14.204583658973183,
    14.469163476943118,
    14.559741695712145,
    14.5079049958679,
    14.443063507569605,
    14.271062410811485,
    14.13642521593195,
    13.99017091166677,
    13.835125555011516,
    13.67984815831591,
    13.530059481220357,
    13.345508879271756,
    13.17911536489537,
    13.063609892449236,
    12.973379601500408,
    13.370767812717705,
    13.699549003985677,
    13.844011776311609,
    13.857767284822089,
    13.815700773992475,
    13.692945905700096,
    13.544407431848388,
    13.443153707403088,
    13.273407579725884,
    13.149583251297676,
    13.0270269470533,
    12.872086476318852,
    12.719512851885066,
    12.601964315306263,
    12.477225260952174,
    12.489092609949582,
    12.844489448039175,
    13.079032326346072,
    13.227458153236137,
    13.214265980400985,
    13.077616411424765,
    12.949049022264585,
    12.887198960712078,
    12.82031249140692,
    12.680282607115322,
    12.522202157088259,
    12.418363013235062,
    12.302000748520385,
    12.141545567169436,
    11.98873419336687,
    11.844300157330014,
    12.167960328336022,
    12.505294488348037,
    12.73469592189176,
    12.80242970043561,
    12.667534256184329,
    12.546691624569657,
    12.440519266103264,
    12.373054355326246,
    12.303524171327538,
    12.190861782402198,
    12.053359886548346,
    11.919760287711934,
    11.795912753631068,
    11.648886941856851,
    11.565895391253466,
    11.694318243600417,
    12.047077847016315,
    12.414980026892811,
    12.528297730263802,
    12.416052325692721,
    12.27696078989575,
    12.16942598229457,
    12.103338170686339,
    12.029966997692872,
    11.941887819472559,
    11.78822261861757,
    11.66206910484999,
    11.544722651572084,
    11.417939447418858,
    11.364954351354859,
    11.490738623275771,
    11.786836712839493,
    12.283858974379315,
    12.19908956354438,
    12.099262956341738,
    11.988879537359391,
    11.86281462408611,
    11.788569904885808,
    11.728242441667941,
    11.665029945348714,
    11.605455355130184,
    11.517881061366197,
    11.442255483025953,
    11.306267762220283,
    11.25340271121092,
    11.366591610074007,
    11.849665237631395,
    12.019665800526328,
    11.958057448610294,
    11.865264826639143,
    11.779547139475293,
    11.696454474755516,
    11.701248035466387,
    11.641992795377607,
    11.571908853608715,
    11.510529139855231,
    11.42852737621132,
    11.374017500916342,
    11.263157604738923,
    11.191859103794302,
    11.55554622683466,
    11.987101361064195,
    11.867888123260082,
    11.821806877040052,
    11.735583931098905,
    11.67139260440334,
    11.624892278293862,
    11.626491443625094,
    11.571601648437758,
    11.524308774716099,
    11.472901888360898,
    11.422098369426283,
    11.347359210612506,
    11.417629699187515,
    11.55914192271523,
    11.956187794024261,
    11.869643665467052,
    11.770669527009229,
    11.702181491369293,
    11.687861067412415,
    11.624660283584545,
    11.636555633386392,
    11.700610559712738,
    11.666283761392382,
    11.574163613801295,
    11.60008073815855,
    11.592991746373828,
    11.682410367043433,
    11.931092017476194,
    11.899474113740277,
    11.880132588910854,
    11.797311842766915,
    11.736686718640328,
    11.673745162717662,
    11.612116545408695,
    11.62388771369977,
    11.61509651378611,
    11.60102153617119,
    11.544539637628743,
    11.583522506661687,
    11.594493901431623,
    11.60583743725492,
    11.766553517535481,
    11.85009216036,
    11.849796965134534,
    11.915140147716913,
    11.84720554884395,
    11.800920348485276,
    11.733569137392209,
    11.66676973889982,
    11.622422432991126,
    11.614845429927382,
    11.57868643846516,
    11.691215435681944,
    11.734808256835324,
    11.747894035870766,
    11.81559607660648,
    11.884334965592132,
    11.898334251919046,
    11.903034684055028,
    11.920176065040113,
    11.844084491237215,
    11.752792190666089,
    11.693333395563167,
    11.610830001446335,
    11.56151868285353,
    11.703171357499475
  ],