{
  "lambda": 0.002,
  "n_particles": 1000,
  "n_realizations": 20,
  "hbar_mean": [
    16.57130714501076,
    16.345365782991905,
    16.12976211550683,
    19.006316257153607,
    19.078809764896288,
    19.007368192586515,
    18.882479418604866,
    18.714655000366086,
    18.514073268408307,
    18.34706538184833,
    18.104579123883283,
    17.88292518830471,
    17.66839197119295,
    17.505735849334233,
    17.267203025139786,
    17.046554114920546,
    16.811262600106406,
    16.587470456166432,
    16.373420619101168,
    19.05863538581316,
    18.941933976898444,
    18.791427036246887,
    18.603527943229118,
    18.40217486971492,
    18.199745249972853,
    17.987420163417866,
    17.771508949703605,
    17.550315978015913,
    17.326259045573142,
    17.10628975208315,
    16.893638526634966,
    16.682201124236844,
    16.466231479743396,
    16.247160230413403,
    16.517740901745235,
    18.75852355536855,
    18.543070162036447,
    18.342358371134445,
    18.154924693238986,
    17.939185459730254,
    17.730648108193087,
    17.532894450671307,
    17.31434407779318,
    17.117560850179274,
    16.93240365943557,
    16.715054455218493,
    16.523727169637464,
    16.31022486838216,
    16.091019201829802,
    15.899643509102464,
    17.999686378040547,
    18.321598545075087,
    18.26074797023136,
    18.08889865946584,
    17.89752538396093,
    17.67853977660469,
    17.47590911345744,
    17.281317592452147,
    17.069392939079712,
    16.867550434639227,
    16.658973864212435,
    16.451669677756957,
    16.250028252242462,
    16.04361084195513,
    15.83439151307486,
    16.428274528359882,
    17.803919917965914,
    17.913384733548927,
    17.83822233472784,
    17.724820106181237,
    17.545560828105824,
    17.360172879104447,
    17.162649235654794,
    16.956480189693757,
    16.744671009142763,
    16.54417418473714,
    16.31199146230081,
    16.117050848801032,
    15.897207480339224,
    15.647871805520854,
    15.451919088568385,
    17.053600142293078,
    17.198663957195333,
    17.257887117181678,
    17.152938325778855,
    16.96647187515271,
    16.789607033715274,
    16.59628980165586,
    16.394977401837657,
    16.19561321634667,
    15.997955000210766,
    15.786362253100378,
    15.56507237358485,
    15.34122149683092,
    15.129380935923049,
    14.90518526477312,
    14.716796541183285,
    16.185493538519903,
    16.223828634980286,
    16.21408072520878,
    16.11009305632912,
    15.91669547446092,
    15.708301507754204,
    15.497632274478093,
    15.292733487160229,
    15.084812727915551,
    14.888903654386578,
    14.715457447883718,
    14.51613893156111,
    14.327244177859688,
    14.128375499157423,
    13.93471699638485,
    14.833552848773346,
    15.152563357089779,
    15.216214366543898,
    15.178503019528199,
    15.078162690722099,
    14.93749848819859,
    14.739490269556166,
    14.55260173475467,
    14.364306114774545,
    14.176556197560975,
    13.989814920001844,
    13.835914019299858,
    13.694613078828516,
    13.622594832603786,
    13.457346835881319,
    13.584316172159651,
    14.195816351811828,
    14.467781594717758,
    14.556089930444449,
    14.498070043901706,
    14.429246313539688,
    14.266719254059112,
    14.120292658824974,
    13.981013098579723,
    13.826504181461848,
    13.669373839137284,
    13.51594763034681,
    13.337081987365298,
    13.17285614611814,
    13.057772393885008,
    12.969381103009962,
    13.36164531847719,
    13.699947740092432,
    13.843431037379393,
    13.856879459629127,
    13.804894719021027,
    13.698356584938557,
    13.537024647795945,
    13.43646672889739,
    13.257372040741265,
    13.143227301266279,
    13.010356274572942,
    12.855487003611916,
    12.6988943486483,
    12.583143825830117,
    12.470703441832867,
    12.45698173960923,
    12.834255071541316,
    13.072316125372732,
    13.225299476298455,
    13.204378375305387,
    13.063525542260304,
    12.93705282183426,
    12.87936945280902,
    12.816099992798883,
    12.669474619467698,
    12.514033972934707,
    12.409809673041668,
    12.289385819014715,
    12.124898262760379,
    11.968682377973018,
    11.825411562536285,
    12.14861767625515,
    12.506390309153472,
    12.737551508306481,
    12.798346711512064,
    12.659955644699258,
    12.539650079231043,
    12.433054977482652,
    12.364030006332733,
    12.29708171661371,
    12.183032733634324,
    12.041266339292596,
    11.909948571816164,
    11.78544087816125,
    11.636642089403491,
    11.551467583281603,
    11.698058258235005,
    12.036069201026805,
    12.413002359861702,
    12.527854946937431,
    12.419168211882408,
    12.275416264426749,
    12.169483711313474,
    12.100737080317842,
    12.030628940643364,
    11.942424023425302,
    11.788380084483153,
    11.661224101717751,
    11.544364280960899,
    11.41557004921913,
    11.357849060299923,
    11.476462669602812,
    11.780765423116893,
    12.286529657818532,
    12.198890445940062,
    12.104709195206585,
    11.996853440013265,
    11.871340817417463,
    11.789153828112518,
    11.741565922776267,
    11.671828432237117,
    11.608569785361688,
    11.524676059617631,
    11.440312342799748,
    11.303642977050142,
    11.247824407460923,
    11.369777417933488,
    11.849383535432988,
    12.00741392310346,
    11.955761699504592,
    11.85827475470774,
    11.773799925975476,
    11.691726883907661,
    11.687021527810689,
    11.63748169886181,
    11.57027797518665,
    11.521080856160925,
    11.422523378786439,
    11.371501036875303,
    11.258364089929248,
    11.18987652760474,
    11.551012138302244,
    11.98919082465212,
    11.861521038910583,
    11.830211662141537,
    11.732471506819566,
    11.669892501952049,
    11.622518847075908,
    11.620362195151895,
    11.572496520035966,
    11.522904062161784,
    11.47811145192943,
    11.419832901566533,
    11.341650902331429,
    11.417961142408377,
    11.562931490528882,
    11.964972459777805,
    11.86960407938125,
    11.76772406038813,
    11.700122668301724,
    11.68403709640482,
    11.621800884128652,
    11.635182562388845,
    11.698913221346297,
    11.671147662053832,
    11.578918249374052,
    11.609230234762636,
    11.598331666807052,
    11.68763466774227,
    11.940056191167155,
    11.907589224762704,
    11.887002942857107,
    11.80347382765272,
    11.733601327983969,
    11.670767737480125,
    11.598759274279605,
    11.620252123565795,
    11.61004294065958,
    11.594229698644389,
    11.54386336822681,
    11.5842759867509,
    11.600806898281279,
    11.605836509347847,
    11.755842533421097,
    11.853378882103177,
    11.858466100674617,
    11.934788081167161,
    11.851902914862116,
    11.810102620199125,
    11.728777914835092,
    11.660106898325433,
    11.614133802594818,
    11.606069906485871,
    11.577790272045224,
    11.695280224805405,
    11.73627249029152,
    11.747570223684258,
    11.815247054021471,
    11.890137375604771,
    11.905284398862253,
    11.903807314392896,
    11.913462912307745,
    11.844604945663168,
    11.752007667866668,
    11.689275179810153,
    11.61227065863174,
    11.548921321898034,
    11.702319120956428
  ],