{
  "lambda": 0.02,
  "n_particles": 1000,
  "n_realizations": 20,
  "hbar_mean": [
    16.57130714501076,
    16.345564864492037,
    16.12949729684155,
    19.004287678083813,
    19.084746972083433,
    19.00552449877908,
    18.88604979587298,
    18.716138969140054,
    18.514461923871252,
    18.351370811027984,
    18.10714866169931,
    17.88283026859309,
    17.66754459810175,
    17.50843136300761,
    17.2785639906933,
    17.054388630555984,
    16.82162631597763,
    16.597804989810907,
    16.389585306633816,
    19.06935258251161,
    18.950728626894353,
    18.798887104408237,
    18.610711950463912,
    18.410959179959455,
    18.20632306512585,
    17.99365931991838,
    17.777382787547666,
    17.558353529825702,
    17.33358143019991,
    17.112652642448044,
    16.90077491493636,
    16.68928347728603,
    16.471592033427637,
    16.2527022582482,
    16.627170821647777,
    18.762079759662907,
    18.55107130753049,
    18.351815216643512,
    18.161589987859735,
    17.94787450681576,
    17.738936039804035,
    17.540336447703417,
    17.3232572954131,
    17.125230554961558,
    16.942073662228733,
    16.722926921327353,
    16.529472918399186,
    16.316203021303586,
    16.10112034872592,
    15.908772515751593,
    17.956071044967025,
    18.323731120952917,
    18.264730117027515,
    18.09590247235804,
    17.90210644459661,
    17.688530512305498,
    17.48352747196254,
    17.282601792864725,
    17.07209402914536,
    16.8685512474611,
    16.66607896305541,
    16.46329387293317,
    16.258489160492065,
    16.05293726471326,
    15.845776056680373,
    16.405546629571546,
    17.798461553333365,
    17.923222577797763,
    17.850256396777375,
    17.741530370913782,
    17.56310150136404,
    17.37720892006398,
    17.17997558306401,
    16.97554254025528,
    16.762249958584867,
    16.55659063151862,
    16.320435459534632,
    16.126778756318984,
    15.91575037290365,
    15.664545346822171,
    15.473965284786777,
    17.012059171728005,
    17.215914543139515,
    17.282584778308717,
    17.181112129960695,
    17.00525516934912,
    16.82084180408264,
    16.633319304854062,
    16.43323345989574,
    16.235958298791754,
    16.035065391457366,
    15.824342335626977,
    15.588441458578526,
    15.367923588594929,
    15.155808195829996,
    14.935796880415165,
    15.062107788749278,
    16.175077109483716,
    16.24242727515621,
    16.239631101268102,
    16.13086502057174,
    15.934289404355297,
    15.728538982238572,
    15.537876156128206,
    15.323325700760602,
    15.118481443033792,
    14.926028179091,
    14.747221293707813,
    14.554500952990745,
    14.365148493648514,
    14.165141947436606,
    13.978328074559462,
    14.891440749529608,
    15.190722866763602,
    15.255380277823974,
    15.219588316511409,
    15.123815168261995,
    14.980831529924782,
    14.788164933804532,
    14.604958299846137,
    14.415432918918105,
    14.231044898443688,
    14.04707604794169,
    13.886919493175261,
    13.745293554878359,
    13.656038581261422,
    13.505254772450247,
    13.675770232693974,
    14.24663055943137,
    14.496374076256334,
    14.579163333264859,
    14.537514021305551,
    14.450393130832046,
    14.30134068728066,
    14.155162200881545,
    14.018368864639337,
    13.85337981536097,
    13.698585986296393,
    13.54357775768401,
    13.360809512899323,
    13.197788994568478,
    13.082695691369642,
    12.994137307893016,
    13.395222682891049,
    13.717679926389868,
    13.861357837353216,
    13.869692809588912,
    13.825646076899783,
    13.699883331399004,
    13.549061131523345,
    13.447263326813266,
    13.2840077383045,
    13.165001035334825,
    13.041491839349481,
    12.88575854033559,
    12.729271456913164,
    12.613247481674275,
    12.482644370239857,
    12.525171365340626,
    12.847180700295505,
    13.084959815081888,
    13.221043255364986,
    13.216634595161423,
    13.083107468764293,
    12.959559316879133,
    12.894543239095622,
    12.811983689592134,
    12.683065837186277,
    12.527339009697636,
    12.419971690321413,
    12.304614875032549,
    12.148493373867902,
    11.992757756539216,
    11.859360390146156,
    12.176036625100528,
    12.49565607641718,
    12.72462169129156,
    12.809990114807254,
    12.67191925828918,
    12.55362310488297,
    12.450516892827984,
    12.386483645516387,
    12.311946954299195,
    12.199778499416993,
    12.060444429316192,
    11.932977595631028,
    11.808883277382177,
    11.664223378207561,
    11.573838931924675,
    11.700421154976445,
    12.055108874189518,
    12.415751527035075,
    12.525201546221881,
    12.409967278849718,
    12.273242912243514,
    12.167203783804785,
    12.107432586374983,
    12.03583387217752,
    11.935485856779126,
    11.783572461096316,
    11.65370914847838,
    11.544869688986058,
    11.415784778483024,
    11.354617768574542,
    11.475235461476748,
    11.78002763631253,
    12.262681962982663,
    12.180155552958439,
    12.092527652487925,
    11.984249246049487,
    11.862342290026373,
    11.791063307817538,
    11.724725611289676,
    11.659854669643419,
    11.60102054035211,
    11.51187952340712,
    11.432651529600097,
    11.310563439052842,
    11.250384012930647,
    11.359910703351053,
    11.83617770887513,
    12.031241583814495,
    11.957236196949918,
    11.861261935916556,
    11.784731714801964,
    11.704008571244625,
    11.707883672355928,
    11.653350167558324,
    11.576675333129716,
    11.511628286914776,
    11.43447290403453,
    11.372979904814292,
    11.268954321643806,
    11.199534637549524,
    11.568001270086445,
    11.983104651949821,
    11.866352940422454,
    11.810793046581404,
    11.726561068577594,
    11.665710086113958,
    11.62186212601608,
    11.631334681176536,
    11.583885846524666,
    11.533962250100657,
    11.466897826942784,
    11.416555530342654,
    11.352981113770284,
    11.414411926147597,
    11.550520698762973,
    11.946491387721803,
    11.862696850581278,
    11.76570697983601,
    11.699636459614776,
    11.674280499573525,
    11.622136060073963,
    11.630194518105695,
    11.693120022830737,
    11.65992945595421,
    11.569370548845868,
    11.590929748628792,
    11.599944555858375,
    11.67390752334224,
    11.9163619703598,
    11.894895209569487,
    11.870486691301055,
    11.789642098591685,
    11.72548667936189,
    11.661822716214429,
    11.608828996407976,
    11.622864162647184,
    11.613203872993221,
    11.597237455849188,
    11.544406256230658,
    11.577311444174873,
    11.590347738765825,
    11.605676892282348,
    11.768212818223068,
    11.847293037108056,
    11.851257837907898,
    11.897872313037654,
    11.836313705071502,
    11.787941577647828,
    11.730884636695135,
    11.666490932512318,
    11.621652140833817,
    11.602839152326053,
    11.574360114722165,
    11.686232134440854,
    11.73364423649262,
    11.749407151007684,
    11.815622093060586,
    11.874984710549978,
    11.89637292700467,
    11.90905043964717,
    11.92596740437831,
    11.839694681987707,
    11.74734184878139,
    11.684938752584928,
    11.604322766411338,
    11.562724962895055,
    11.693723579524564
  ],