{
  "lambda": 0.001,
  "n_particles": 1000,
  "n_realizations": 20,
  "hbar_mean": [
    16.57130714501076,
    16.345365782991905,
    16.129799287471076,
    19.00577476330279,
    19.079113447214972,
    19.007619554272562,
    18.882479418604866,
    18.71506118842796,
    18.512541180718262,
    18.34662688864485,
    18.104883111483083,
    17.883001849617052,
    17.667142457424497,
    17.506400420376345,
    17.266858359973565,
    17.046727104669266,
    16.811724488275246,
    16.587541739006966,
    16.374309256709296,
    19.059328742771665,
    18.94199647685524,
    18.791734657134747,
    18.604358050771587,
    18.403290661747302,
    18.20005743854236,
    17.987841984406522,
    17.771569592249925,
    17.550920197892243,
    17.327159762206822,
    17.10642170021071,
    16.894400563864053,
    16.68276292191582,
    16.466162404514666,
    16.24842635668524,
    16.51583789535793,
    18.758253606603642,
    18.544548783268205,
    18.34115721230032,
    18.154497034877355,
    17.940994474424983,
    17.730902749123977,
    17.533550196623032,
    17.313208590913064,
    17.118013769119862,
    16.93128897650329,
    16.714130093735157,
    16.522663800300393,
    16.31001278211874,
    16.08901141629381,
    15.901418505173387,
    18.002212973890785,
    18.32327840661373,
    18.262006365994985,
    18.091514412488454,
    17.899908233424945,
    17.681675833180375,
    17.476612704545527,
    17.285908345596724,
    17.073632655091934,
    16.873567140975588,
    16.66479306965166,
    16.45872137905764,
    16.253624928149744,
    16.047307657282126,
    15.837901176644598,
    16.431197459976442,
    17.803893183483247,
    17.91382099640004,
    17.839182708413425,
    17.725947399052952,
    17.54683415978808,
    17.36004973559202,
    17.16564756979226,
    16.96008573577912,
    16.748554049491048,
    16.547885835015325,
    16.313043229158772,
    16.11943517796972,
    15.901258685654104,
    15.652628669650198,
    15.45457095890336,
    17.058383526328093,
    17.20681598655825,
    17.257308947438784,
    17.158041272816106,
    16.971472248002765,
    16.802503395287637,
    16.602320308337347,
    16.38927511520065,
    16.195424580135956,
    15.996714867517195,
    15.78450663092947,
    15.553657705499015,
    15.33293850851046,
    15.12772094375021,
    14.903569001519624,
    14.701471664913171,
    16.18954972874378,
    16.228173753068212,
    16.207627100918927,
    16.102755788460478,
    15.91996088509958,
    15.711303413419037,
    15.504130534141572,
    15.288409117878212,
    15.078294067267933,
    14.88880669293375,
    14.712824500887404,
    14.51811470719627,
    14.333222795779369,
    14.131392114493966,
    13.934699803557738,
    14.838918923720403,
    15.154339415290872,
    15.221590270454959,
    15.184455341927258,
    15.088630117379324,
    14.9484612833813,
    14.748022030714926,
    14.560865841936211,
    14.369794161401689,
    14.18702142873418,
    13.998098790877368,
    13.842271344340508,
    13.69932050582095,
    13.629149277701064,
    13.468476839399099,
    13.5816050956047,
    14.200032991564331,
    14.469363603163552,
    14.558217029975898,
    14.502248139131533,
    14.437278566452719,
    14.270166664054372,
    14.121100937569935,
    13.980693226056463,
    13.820450092829253,
    13.667127344413576,
    13.51617402175332,
    13.34113261820887,
    13.174505000359378,
    13.054970738822439,
    12.972664759877187,
    13.364993130577716,
    13.699865124294542,
    13.84466096041665,
    13.857252425959212,
    13.804561362734464,
    13.696112421066772,
    13.537316995805181,
    13.438337795919637,
    13.261792872189636,
    13.144806993009041,
    13.011806042540275,
    12.855319604884949,
    12.703184249275704,
    12.588125176755195,
    12.476151272519733,
    12.46233272121172,
    12.844789163668924,
    13.079924150742826,
    13.231790523630199,
    13.208719316272788,
    13.070122030186244,
    12.943548568237926,
    12.888490635974938,
    12.822331760420358,
    12.676293102589057,
    12.521135414337445,
    12.412821362441964,
    12.29219960799745,
    12.128497394808042,
    11.975030798174009,
    11.833153356069698,
    12.154287330731824,
    12.510270176053687,
    12.743898250128419,
    12.801237712815595,
    12.66636911815203,
    12.543123297495736,
    12.441631844621773,
    12.371607559159209,
    12.30345241921076,
    12.187390291573081,
    12.048465676715207,
    11.913653811330722,
    11.791755065014744,
    11.643134126685293,
    11.558013187411497,
    11.705562053008347,
    12.04189361548574,
    12.420503138069472,
    12.535240604914552,
    12.427452564919518,
    12.286520659466355,
    12.174413958705259,
    12.103812282055564,
    12.033053488777913,
    11.946054184529423,
    11.793225660566755,
    11.664976549262136,
    11.545866052728472,
    11.419760135787923,
    11.361199523700034,
    11.485334329049168,
    11.787864040067113,
    12.291420255399235,
    12.210880328928251,
    12.113381330121097,
    12.005307505718715,
    11.877682874994957,
    11.797196337992391,
    11.747056839140406,
    11.673273828760024,
    11.613362724352687,
    11.530057887418307,
    11.445561704048375,
    11.307112689528356,
    11.251659192098707,
    11.372065483474326,
    11.854848819249876,
    12.015404076645838,
    11.962726322727264,
    11.866925594991956,
    11.77946763586479,
    11.69699730795626,
    11.693638940260286,
    11.640847258839823,
    11.573606733769719,
    11.52774970393111,
    11.42665628698332,
    11.37563033309377,
    11.261434492888146,
    11.193651271684592,
    11.555224070137744,
    11.992641716220541,
    11.86825024772912,
    11.837072451084394,
    11.740032561624986,
    11.681477819369528,
    11.63342413264756,
    11.625949471801974,
    11.578257007125234,
    11.528186887532154,
    11.482000486686776,
    11.419761066883236,
    11.34230270732642,
    11.417970726158384,
    11.563591607075747,
    11.964662765138034,
    11.874934415814,
    11.773913945553108,
    11.706419873539703,
    11.688984988443838,
    11.626819107285497,
    11.642873225632657,
    11.70290825547237,
    11.675880817098676,
    11.583729240788552,
    11.609404026850704,
    11.601601196709373,
    11.686912587087312,
    11.94194791637918,
    11.910338339888167,
    11.886908010491844,
    11.804622958822511,
    11.738703912834975,
    11.672252585988605,
    11.603864487286634,
    11.627177385260264,
    11.617788280348828,
    11.59955961469859,
    11.548961168120515,
    11.585939913785648,
    11.600561636052882,
    11.607139325936876,
    11.756055215398018,
    11.855539938551413,
    11.858594545820912,
    11.931641833612083,
    11.851625909502914,
    11.809092279805558,
    11.732574717711344,
    11.665521670138517,
    11.617471099099038,
    11.613199404395694,
    11.582696638650336,
    11.697795197757456,
    11.741600700431714,
    11.752006152068626,
    11.819270599116901,
    11.894082582251432,
    11.90938979170989,
    11.908808775356345,
    11.918669199422194,
    11.847689242622398,
    11.750025722187472,
    11.692491575301652,
    11.617835454929311,
    11.554285269191165,
    11.708860348950825
  ],