{
  "lambda": 0.05,
  "n_particles": 1000,
  "n_realizations": 20,
  "hbar_mean": [
    16.57130714501076,
    16.34562195020373,
    16.130002612778593,
    18.993093861823255,
    19.0871031156109,
    19.009546475206733,
    18.88873712902732,
    18.714325647479864,
    18.515478744720177,
    18.355538563019703,
    18.11266448129245,
    17.8926387087018,
    17.675658429791945,
    17.50949849526119,
    17.2780145436914,
    17.055413488884717,
    16.820420100126096,
    16.597083769350924,
    16.437983786209408,
    19.023539037897702,
    18.954805535067056,
    18.800354521503934,
    18.610739504462252,
    18.41102688272909,
    18.208415424719476,
    17.99527566842604,
    17.7773597739644,
    17.557757932666426,
    17.334216906924077,
    17.11406231030093,
    16.901815176910212,
    16.69060525783833,
    16.47333938789679,
    16.255168838706563,
    16.88670155461359,
    18.736754115374666,
    18.54692992562151,
    18.35059723198428,
    18.16228275545993,
    17.948440677028387,
    17.734229929858234,
    17.536224454911995,
    17.32378538956747,
    17.12736169155277,
    16.942710953370362,
    16.727270568849523,
    16.52583563301344,
    16.317404855412867,
    16.107148454259566,
    15.970156408607323,
    17.71209152396555,
    18.29766786811548,
    18.26464984641712,
    18.099963984304637,
    17.906075256994804,
    17.692719510611802,
    17.485995310501842,
    17.279611448109684,
    17.07193031107183,
    16.86971800198077,
    16.66985482734346,
    16.466550519279558,
    16.25899019583808,
    16.051757276406263,
    15.844664831820541,
    16.438995113392373,
    17.74307134722648,
    17.907469722354392,
    17.846672607145173,
    17.724303561091126,
    17.55801411139417,
    17.371000234948347,
    17.174735855594715,
    16.972122562418875,
    16.76162598337967,
    16.558088144508265,
    16.32706378078272,
    16.12740423562899,
    15.912668801264667,
    15.682911286156378,
    15.565107525266729,
    16.712637317171122,
    17.20569180100736,
    17.292200046768535,
    17.182647313637638,
    17.006151960256197,
    16.822555781204812,
    16.629641614267328,
    16.43047397166454,
    16.24262544839187,
    16.049582567576856,
    15.835836898623057,
    15.610101317937032,
    15.38426057719129,
    15.176013554099146,
    14.950418611852422,
    15.229722801456637,
    16.090124267149,
    16.245938280055235,
    16.237976736718725,
    16.13463732491866,
    15.939237740630707,
    15.745448329549722,
    15.537578662467823,
    15.33477969534302,
    15.130602281646265,
    14.936281609463885,
    14.756811064770886,
    14.568466201791765,
    14.379329843631911,
    14.189043092544651,
    14.07651236951412,
    14.801165791322628,
    15.186525255809403,
    15.273857258633091,
    15.250936906577769,
    15.156480141410649,
    15.009756177027688,
    14.822090033008655,
    14.63875371993532,
    14.451368457180815,
    14.264556603319406,
    14.080912409719,
    13.902842871588991,
    13.769182914635362,
    13.659415305087112,
    13.520248857188268,
    13.73026418193838,
    14.251637954220456,
    14.511721836776667,
    14.573339876991643,
    14.54490205776917,
    14.452523137088757,
    14.319069158193733,
    14.172262338629361,
    14.017760910403979,
    13.859281641914894,
    13.711574630642398,
    13.55345335975392,
    13.377746689336373,
    13.202292714131039,
    13.10308163505728,
    13.046127188772541,
    13.374174873377589,
    13.698335754923814,
    13.845849285917492,
    13.873584426405387,
    13.831494660884477,
    13.70321311670916,
    13.55737629700208,
    13.433581075929903,
    13.296611183750315,
    13.164451322650867,
    13.040495367381215,
    12.888543572234331,
    12.743649789478944,
    12.620969972602584,
    12.492600933662525,
    12.579258292173623,
    12.834526892914067,
    13.06820283591372,
    13.200453494461538,
    13.196228050133907,
    13.092930637275263,
    12.9695497321889,
    12.89361119877643,
    12.803551433594212,
    12.669596192246319,
    12.521629649353134,
    12.41536023879284,
    12.294099360910907,
    12.145781866642203,
    11.993245043295612,
    11.914952483985385,
    12.146279734261343,
    12.450687487802428,
    12.660142070510489,
    12.756090373196896,
    12.66887218503948,
    12.545957966192557,
    12.434883612404317,
    12.370892910620192,
    12.295286464765317,
    12.179398698258455,
    12.048616651252903,
    11.936953954462451,
    11.80431596110862,
    11.666599273356695,
    11.595421168722982,
    11.72354961115423,
    12.062130017324757,
    12.390455142519475,
    12.498999583419703,
    12.377879242730327,
    12.255473004182829,
    12.138937646024306,
    12.088635928161365,
    12.012800921313724,
    11.902278535813142,
    11.753476649603153,
    11.633470555011167,
    11.525284768486582,
    11.4035476749903,
    11.336369259537001,
    11.467956305940955,
    11.790810150909588,
    12.174377907399895,
    12.168083903184725,
    12.059406960217109,
    11.95881047773136,
    11.84715326392048,
    11.774106220779597,
    11.704398082957598,
    11.631573501189981,
    11.559936588441085,
    11.489670346250147,
    11.412562123905072,
    11.29721725900566,
    11.23984555157036,
    11.370496897358047,
    11.770243876564777,
    12.017534811920024,
    11.941055569118937,
    11.84338307361701,
    11.775317888641192,
    11.68813310487625,
    11.676794090750374,
    11.622172616740972,
    11.547421386429864,
    11.481906239821773,
    11.41676462423486,
    11.347778873028272,
    11.268236842120304,
    11.224611894585234,
    11.537499129789392,
    11.847317308386735,
    11.842433878156537,
    11.780844792842263,
    11.7071304514992,
    11.641252976923592,
    11.594796243473883,
    11.60467553257334,
    11.567268281452623,
    11.503355411098063,
    11.441981050672991,
    11.384513530333704,
    11.329936830606425,
    11.375672858409748,
    11.563294712739863,
    11.88853481420316,
    11.83699183523906,
    11.745009632115755,
    11.68341852382795,
    11.647830329868352,
    11.607645096056718,
    11.590866674579809,
    11.64855199725986,
    11.62209893152109,
    11.534167497564395,
    11.559445316743407,
    11.577267538259559,
    11.637890427543738,
    11.859512852650193,
    11.861807824220636,
    11.832113694876018,
    11.767053633009683,
    11.705006229714119,
    11.6462280986551,
    11.613689684956189,
    11.601513038338783,
    11.592949568111543,
    11.577673118767214,
    11.518612192789224,
    11.52490830911643,
    11.55160817512258,
    11.580100299277383,
    11.747453556023132,
    11.832755407291634,
    11.829584692480369,
    11.8453900011322,
    11.809898324754265,
    11.761274297586699,
    11.703683784802106,
    11.64389971485836,
    11.583550428540889,
    11.564275325734243,
    11.548585002664762,
    11.646858864157348,
    11.680438526019548,
    11.704459156697592,
    11.778690932837538,
    11.84940682803254,
    11.866193498770494,
    11.864764451423833,
    11.879524075572787,
    11.809747559960979,
    11.723887118110394,
    11.646886959653605,
    11.581417410304017,
    11.546898091209275,
    11.630177493568677
  ],