{
  "lambda": 0.05,
  "n_particles": 500,
  "n_realizations": 5,
  "hbar_mean": [
    0.10078905850594873,
    0.10419759150671357,
    0.10124939216812681,
    0.10163814446217631,
    0.10042272104504564,
    0.09834694956198498,
    0.09982339602293891,
    0.10325378896358453,
    0.09977925046657124,
    0.09955753956110223,
    0.10079652788090294,
    0.10026560680159531,
    0.09389839191910236,
    0.0962148355988405,
    0.09713291870357335,
    0.09744621883568397,
    0.10033376817462418,
    0.1033373775743762,
    0.10345266130906734,
    0.10238181057127753,
    0.10290243067729558,
    0.10020714164838969,
    0.09967250675313391,
    0.10240727774453184,
    0.09992950123923568,
    0.09922342292976041,
    0.09985410206851585,
    0.0998207416041252,
    0.09317469833518337,
    0.09398824388808354,
    0.09578164203193931,
    0.09724665319466856,
    0.09989567066123442,
    0.10249255661029003,
    0.10087938019380482,
    0.1030572943568222,
    0.10107645382595547,
    0.10010194564138834,
    0.09871041831744547,
    0.10217238766375122,
    0.09922393285721047,
    0.09606734762346317,
    0.09845875865751988,
    0.09732885403951098,
    0.09233026899522138,
    0.09298854125879163,
    0.09448587510957678,
    0.09673668150512382,
    0.09998653029923912,
    0.10344414800828179,
    0.10064917056971581,
    0.10426214209455464,
    0.10210838526524073,
    0.10051187144463733,
    0.09916307522759873,
    0.1016427585053006,
    0.10165363793798696,
    0.09809940030604523,
    0.09777842401933763,
    0.09781140153415355,
    0.09304510920785727,
    0.09155048239044755,
    0.09439661907828839,
    0.09512987505838658,
    0.09848739050182906,
    0.10014050632294977,
    0.09767305176551948,
    0.0984930594475573,
    0.09753168300435162,
    0.09644458117897221,
    0.10006422865913836,
    0.10121707829901672,
    0.0968677224010587,
    0.09580956342206168,
    0.09872429609418702,
    0.09602561445605809,
    0.09120640857701592,
    0.08861192091374817,
    0.09056630014232495,
    0.09189064333053557,
    0.09475999208873724,
    0.0955656343517421,
    0.09372468557451685,
    0.09146070108179026,
    0.09327003892586079,
    0.0935220539712605,
    0.09651482928391455,
    0.09582754967465111,
    0.09424143149494142,
    0.0897454233687385,
    0.09269876079402557,
    0.09024813363241276,
    0.0867116443097956,
    0.08557777047140527,
    0.08706422077348058,
    0.0881593278013052,
    0.09015339136548067,
    0.0883293139467588,
    0.09026412758688677,
    0.08982224989925328,
    0.0946015130420135,
    0.08939587986722418,
    0.09124095914622368,
    0.08777538691938144,
    0.09094807134338301,
    0.08662269944184267,
    0.08979385565874005,
    0.0944352447075757,
    0.0887792401654587,
    0.08575935219370504,
    0.08592667207745011,
    0.08779328673941532,
    0.08563011491218708,
    0.08755745745072732,
    0.08880441000927577,
    0.08985871223234612,
    0.093535201351484,
    0.09091434343358082,
    0.09417725639785655,
    0.09283563198305939,
    0.09804220281269066,
    0.09376423768005422,
    0.09342288798135877,
    0.09517579508781024,
    0.09315822679895855,
    0.08846465287941571,
    0.08847482767614234,
    0.09272550185482102,
    0.0941192162135497,
    0.09488912279026387,
    0.09689208325066903,
    0.09921942774858483,
    0.10557785293978225,
    0.10666357238698576,
    0.10519823491409205,
    0.10403978136500036,
    0.10341054993839263,
    0.1055564815631849,
    0.11152685549032519,
    0.1123459457152175,
    0.11038810818169412,
    0.10608590784797811,
    0.10742077975667252,
    0.1070222519292248,
    0.10960987710885176,
    0.11429283329283421,
    0.11241063042363772,
    0.1154194802149516,
    0.11987683215090321,
    0.12508768885565763,
    0.1265445850416434,
    0.1277003219664227,
    0.12971903650397357,
    0.12957785138017644,
    0.13219568324916034,
    0.13043884574635375,
    0.1330147478531632,
    0.1346220403978721,
    0.14009222803005145,
    0.142968903879181,
    0.14888553403304816,
    0.1504055405561568,
    0.15618915188026117,
    0.1611245203463007,
    0.1702076448674415,
    0.17419795425735515,
    0.17339919955543565,
    0.1750441477186404,
    0.1722469657105086,
    0.1766259562740216,
    0.18352252516233164,
    0.18825228922573367,
    0.18979716303624367,
    0.18544813370406435,
    0.18481938843625023,
    0.1914494820687528,
    0.19741952726204934,
    0.19788648916321178,
    0.2070610265659271,
    0.2079898458262628,
    0.20844194024844992,
    0.21282383110774705,
    0.21160169775051835,
    0.2105864120797712,
    0.20925233508029803,
    0.2103342791998471,
    0.21774834968147885,
    0.22384894668585775,
    0.2188670785248235,
    0.2176440289555142,
    0.22060209266827635,
    0.227853527651615,
    0.23566954373719895,
    0.23143087284473607,
    0.24203952155982805,
    0.25134339985540693,
    0.26311857857219234,
    0.27011245057883143,
    0.2741313052911626,
    0.2727310744889807,
    0.27011145340063736,
    0.27278918405081853,
    0.2713950500878883,
    0.27540770287959404,
    0.27688420993258234,
    0.2705875209348084,
    0.2746153446015728,
    0.2755069908719816,
    0.2802356737367838,
    0.28151251281738027,
    0.27748518501962227,
    0.2918489374699169,
    0.2999868333478875,
    0.3089152667943647,
    0.3128466244124628,
    0.31209778679380223,
    0.3125944404067612,
    0.30567337550565804,
    0.3072988032638112,
    0.3139305923338054,
    0.3098586998939179,
    0.3045987782456714,
    0.3071503803072126,
    0.3079314869025075,
    0.31020807670286205,
    0.31455096047861314,
    0.318671654632113,
    0.3219759195849437,
    0.3306101041483708,
    0.3369073081486986,
    0.3456689509377807,
    0.34490585714990385,
    0.34539552031738185,
    0.34211925463051446,
    0.34290839240644383,
    0.34285216171649774,
    0.3344684910686852,
    0.33813461679266965,
    0.33798080212033654,
    0.3367952073443126,
    0.3413192853451911,
    0.345450325057507,
    0.350855122615113,
    0.35426313745769455,
    0.35599182932880347,
    0.35476501625825524,
    0.3613829062755506,
    0.36161327173009267,
    0.3607806012396185,
    0.35654107347491787,
    0.36380940359955233,
    0.3655557765586163,
    0.3599162715215245,
    0.35931512072457955,
    0.3643616157051407,
    0.36281747514884,
    0.36267786179124933,
    0.363528494588068,
    0.3658148185295378,
    0.36805304095188357,
    0.3773437658077108,
    0.38041518492331833,
    0.38714455363572514,
    0.3869330418195728,
    0.3834505768256184,
    0.3938919623235289,
    0.39171271439523253,
    0.39264005691957377,
    0.38547106160417466,
    0.3867545376340809,
    0.38734730083060875,
    0.3868002089134309,
    0.3896363639867499,
    0.3914190295828859,
    0.38834662552744714,
    0.3883021582551457,
    0.40653137746023715,
    0.4076901963119786,
    0.4066951645517397,
    0.40006500579385385,
    0.4025932991250791,
    0.40866805296267705,
    0.409842366908446,
    0.4115047480960466,
    0.4128610824310681,
    0.41497378216290565,
    0.4173643772032379,
    0.417778612190277,
    0.415075382575102,
    0.4192692352440572,
    0.42061703228138647,
    0.4252776925338869,
    0.42892681858674353,
    0.44053999886657624,
    0.43441857970922115,
    0.4318092019913168,
    0.43598119163798704,
    0.43595272477118757,
    0.4381533340720923,
    0.44191420519443775,
    0.44039651443799804
  ],