{
  "lambda": 0.0,
  "n_particles": 500,
  "n_realizations": 5,
  "hbar_mean": [
    0.10078905850594873,
    0.1036294906729256,
    0.09995766120396643,
    0.10217849225615341,
    0.10056674445223446,
    0.09936955595516714,
    0.10102232009650336,
    0.10289973224681129,
    0.09844088609811606,
    0.09923601943305002,
    0.10079420052546666,
    0.09899885041437743,
    0.09452338690436593,
    0.09557971970462216,
    0.09660056661769253,
    0.09716840696460964,
    0.10049331660764156,
    0.1038152318260177,
    0.09978269591473565,
    0.10230509324408221,
    0.10008087526242852,
    0.09950072081754172,
    0.10067732849030045,
    0.10320684079428843,
    0.09843323002304379,
    0.09912278003655284,
    0.10010107739514576,
    0.09857964439475467,
    0.09454292700725801,
    0.09512344163846101,
    0.0960615133246236,
    0.09688466998372472,
    0.10181722284652406,
    0.10416634439618166,
    0.10016456467448545,
    0.10430663922363595,
    0.10319343358773884,
    0.10028575710354666,
    0.10277688638689646,
    0.10357160471803839,
    0.09995558131892203,
    0.09984565259457459,
    0.10136516878834764,
    0.09957138791966454,
    0.0942766257410986,
    0.09547251210403893,
    0.09729328633440756,
    0.09756948888773893,
    0.10287811666138325,
    0.10447293203774147,
    0.10126580680802703,
    0.10348640889246766,
    0.10183583952422501,
    0.0997915724950446,
    0.10128638911583594,
    0.10194250669616756,
    0.09806411074377427,
    0.09780262370792132,
    0.10053200953707489,
    0.09923713747805486,
    0.09243325466329551,
    0.09130071854247049,
    0.09409339584664062,
    0.0931297417792907,
    0.09840770395046775,
    0.10253266073085954,
    0.09986616080515671,
    0.09881246083017133,
    0.09873900555578867,
    0.0959985807966323,
    0.09864904817423922,
    0.09880748006195293,
    0.09725748616116774,
    0.09354161126649896,
    0.0966466856722358,
    0.09547342297389723,
    0.09028682813852006,
    0.08951922248408506,
    0.09184596596821946,
    0.09150885226547938,
    0.09441296067901352,
    0.09808941084753656,
    0.09453989322452643,
    0.09081735100122487,
    0.09534159635581424,
    0.09043108070852161,
    0.09193211218781663,
    0.09405725959895508,
    0.09134516264408735,
    0.08659113945427471,
    0.09215507102035356,
    0.09103277994829306,
    0.08745895991950428,
    0.08488891447910685,
    0.08740100066156062,
    0.08649862130086781,
    0.09098425845980132,
    0.08938837253910788,
    0.09005973264290199,
    0.09001431653354844,
    0.09243525386470589,
    0.09009217243120979,
    0.08826472964329832,
    0.0895507007886582,
    0.0879123902572699,
    0.08570922097062719,
    0.09075106839117038,
    0.09017445816317299,
    0.08902155741621069,
    0.08319523196831591,
    0.08363699951130485,
    0.08556845401545181,
    0.08519223031341869,
    0.08539215945142356,
    0.08633570924557073,
    0.08832204238884891,
    0.09291873180210167,
    0.0899400957880283,
    0.09035850364373647,
    0.09175371671585934,
    0.09252293155352631,
    0.09043631510864567,
    0.09055347806135304,
    0.0912085556372295,
    0.08976097865313729,
    0.08633890410640713,
    0.08570391626570076,
    0.0880014963602825,
    0.09108311169027469,
    0.09664228320623827,
    0.09604994123719228,
    0.09905130584684765,
    0.10034480029491907,
    0.1025384441229914,
    0.10513131390710082,
    0.09888144841147917,
    0.10090729358586495,
    0.10300318915349356,
    0.10389892005627861,
    0.10508978040866372,
    0.10526361872936181,
    0.10414837920630345,
    0.10395521538621258,
    0.10530832368680036,
    0.1095551895789922,
    0.11321071715917597,
    0.11603413714077684,
    0.11453257362238176,
    0.11828101739501898,
    0.1259975570179294,
    0.12618570830581743,
    0.12726838645643265,
    0.12921711049507387,
    0.13164399123209475,
    0.13097059476020728,
    0.132472337605102,
    0.1329876251199234,
    0.13374746461077372,
    0.13541542252151884,
    0.13572708216908477,
    0.14275770840426932,
    0.14994132273592772,
    0.15319871279093403,
    0.15805485899293076,
    0.16316007120246584,
    0.17014944527772108,
    0.1755593385448826,
    0.17531493774095724,
    0.17235891180496205,
    0.17289686309164948,
    0.18436797235989327,
    0.18663775762152163,
    0.18325203074550292,
    0.1856617204842801,
    0.18618958914172526,
    0.18972196719570739,
    0.2009217677515777,
    0.20573108159790002,
    0.21186404453556293,
    0.2184286533047645,
    0.22114780956477592,
    0.22600333065912626,
    0.21850349167154687,
    0.22098128488220806,
    0.2217646907024669,
    0.2226468140424876,
    0.22757908023486886,
    0.22341163326514532,
    0.2258438465647942,
    0.22421565271057373,
    0.22726023601767995,
    0.23522941004569295,
    0.24038446156222468,
    0.2473370992300886,
    0.2564410054796338,
    0.25996833752496185,
    0.26571587403143215,
    0.2687138357392847,
    0.2664279644020513,
    0.26877261936211877,
    0.2767540259094936,
    0.27436360315484787,
    0.275449956807211,
    0.27305832486599013,
    0.27268192824605036,
    0.27017159190424095,
    0.26493724932431917,
    0.2704875899077427,
    0.27549161538936767,
    0.2800035135761809,
    0.2923636697945159,
    0.2994846191943896,
    0.3054055197319778,
    0.3121594978236422,
    0.3104105991559509,
    0.31463256913988014,
    0.3108172956995846,
    0.3145389245159828,
    0.3079564107730274,
    0.3044998516578493,
    0.30258554989845965,
    0.29463628179613505,
    0.29490721546616666,
    0.2968702461155742,
    0.30087192013608827,
    0.30930453569093036,
    0.32057339712011307,
    0.3238947767129064,
    0.32734814791231104,
    0.3308431500397755,
    0.33880319650352103,
    0.3391797008539258,
    0.33287129837609497,
    0.3290035293075223,
    0.33432627449630214,
    0.33969741801633624,
    0.3308706225983488,
    0.32238705370992377,
    0.3265688660183025,
    0.3257580187692611,
    0.32619734787773524,
    0.33409050828460995,
    0.3443468624682292,
    0.34516444105664174,
    0.3476229617961894,
    0.3498229609685236,
    0.35530776055580277,
    0.35952230718025363,
    0.3588002196203709,
    0.354911023438491,
    0.36337180736269115,
    0.3673623244239774,
    0.3576494479302079,
    0.3517363329067065,
    0.35232208592842085,
    0.35490538504553387,
    0.3531774079056159,
    0.35290469727121004,
    0.3606540284892949,
    0.36626771108639256,
    0.36992435817724123,
    0.37387369385801383,
    0.37672598667730833,
    0.3761153626698074,
    0.38270657989823276,
    0.3794450851314067,
    0.3799575120288539,
    0.3807013878809119,
    0.3838633516561352,
    0.3806905942540729,
    0.37958623480092957,
    0.38474825890522935,
    0.39240430101278606,
    0.3804467877670238,
    0.3886724898099895,
    0.3917211801300728,
    0.40550800875985527,
    0.40731476418214224,
    0.4066168029568685,
    0.4023815398095237,
    0.4050028080201618,
    0.41028021980366935,
    0.4082514292406441,
    0.4088901290933715,
    0.4100259686720191,
    0.405924679993036,
    0.40087000210443247,
    0.4063744953951069,
    0.40738960507754474,
    0.40389744337671224,
    0.41303989082718634,
    0.4146615506475282,
    0.41993493388123504,
    0.4279172169320059,
    0.42716313390999483,
    0.42559719058374623,
    0.4230571173424963,
    0.4303123671524392,
    0.4301959894233717,
    0.43169894347039134,
    0.4306937108282366
  ],