{
  "lambda": 0.0005,
  "n_particles": 10000,
  "n_realizations": 10,
  "hbar_mean": [
    16.56169445915903,
    16.33573526671677,
    16.120291532180897,
    18.99408059831856,
    19.072629758143957,
    19.00503074345776,
    18.883969542918717,
    18.717884665669505,
    18.51714733119737,
    18.347738883171377,
    18.106597797076017,
    17.884570524141584,
    17.668532240105556,
    17.50199051493788,
    17.269501526783426,
    17.049942770952335,
    16.813298386469537,
    16.590096580664834,
    16.37654440468736,
    19.05405083494899,
    18.931330450518878,
    18.781521263498384,
    18.59102328793421,
    18.39218980127601,
    18.189201565144533,
    17.975700824733927,
    17.75854216626024,
    17.53805599853169,
    17.31488911724203,
    17.094247923043035,
    16.881702633908326,
    16.670684310117448,
    16.454780477180073,
    16.236460392039795,
    16.501588435388133,
    18.74531630265752,
    18.52984896787884,
    18.328500902754854,
    18.136002073298272,
    17.925910277012633,
    17.718121673949817,
    17.521050774150723,
    17.30441793646471,
    17.105691249512763,
    16.925423125936508,
    16.705817882868153,
    16.514907568764656,
    16.29977442378181,
    16.07924663799414,
    15.887699619766215,
    17.989610513783823,
    18.304005211690164,
    18.24150010008074,
    18.070209772343254,
    17.87667284993193,
    17.661627028567796,
    17.460249196659397,
    17.268337010672106,
    17.056506380834243,
    16.854916199140842,
    16.648332593666492,
    16.44434507876963,
    16.243285632831757,
    16.035952630811842,
    15.827441281904555,
    16.43392440550636,
    17.790395007220436,
    17.89178419114862,
    17.821429903776828,
    17.705755658385776,
    17.527479306972094,
    17.341282515615767,
    17.14606884555657,
    16.941106314274897,
    16.726979221016563,
    16.526899318225112,
    16.29295866634084,
    16.098497430830726,
    15.8797736988163,
    15.635477902767576,
    15.43532765979358,
    17.042228901475124,
    17.181113730892168,
    17.242170840223,
    17.143133543736546,
    16.96106792804795,
    16.789105098210122,
    16.588140305638014,
    16.38280225535083,
    16.18647654921521,
    15.990802266898925,
    15.769944117476262,
    15.542730834912884,
    15.325701275310067,
    15.114932522125077,
    14.890339395069628,
    14.68875190899561,
    16.179331043021786,
    16.200001877790005,
    16.185750564813304,
    16.082213668630068,
    15.893400622286027,
    15.674593076376553,
    15.475208592930382,
    15.26238837355336,
    15.054360675183341,
    14.863195661377526,
    14.684949250507984,
    14.49036636786918,
    14.302627918959402,
    14.10508525170126,
    13.911261061364602,
    14.809366082526207,
    15.140047945054567,
    15.191725499508198,
    15.161972082812914,
    15.071920328955951,
    14.935882169904932,
    14.734684841934925,
    14.548504246749724,
    14.35903956100007,
    14.172662629791873,
    13.982122782223467,
    13.820232320223942,
    13.681829168604423,
    13.611395652895093,
    13.453965438610805,
    13.563444678614724,
    14.187902950240266,
    14.468129154490029,
    14.540311379355405,
    14.48910780175115,
    14.424142864900954,
    14.25341549743961,
    14.110068578745294,
    13.9641172307901,
    13.807851677151524,
    13.655130097919232,
    13.498069811025605,
    13.323063293503761,
    13.156824488983338,
    13.040624554295272,
    12.958750750068418,
    13.35299198544838,
    13.689769664736172,
    13.825710216842463,
    13.833200395698915,
    13.788446307064465,
    13.670895619114475,
    13.514471509754767,
    13.418501527725056,
    13.240420405901151,
    13.123506225991434,
    12.991543222148115,
    12.835482533794828,
    12.681406786918048,
    12.567382077553152,
    12.453838681953696,
    12.445916049326268,
    12.831403397299093,
    13.065433415621069,
    13.213633381222749,
    13.194970565927912,
    13.05829587341916,
    12.929924282375609,
    12.867054001813525,
    12.798782167851536,
    12.649804237599742,
    12.49767125809897,
    12.391010617184163,
    12.271046542018183,
    12.106402985754755,
    11.952972798841035,
    11.807583915134673,
    12.131518076903555,
    12.488008869764467,
    12.728890897960715,
    12.7795508708759,
    12.641776634689993,
    12.518110477186692,
    12.413468545187978,
    12.342564184130966,
    12.277784855525278,
    12.156766936504281,
    12.019887817442932,
    11.884776264812519,
    11.767487965937061,
    11.619778007184523,
    11.534693710857084,
    11.676819713629598,
    12.019256538534801,
    12.407033452687243,
    12.507250352142698,
    12.396695924339701,
    12.255061464939597,
    12.142788028752786,
    12.06874747017524,
    11.989052848114639,
    11.906937803717577,
    11.753064119924137,
    11.623987427696525,
    11.508759837892756,
    11.37941325185901,
    11.327970297982809,
    11.450139968240425,
    11.752577065907476,
    12.252957696062012,
    12.16809701759389,
    12.073189845963029,
    11.963582878056775,
    11.832267753706542,
    11.754638366717653,
    11.69891521881484,
    11.615828408220345,
    11.5603356354585,
    11.484610034464671,
    11.406123726415169,
    11.269561902532825,
    11.215680637212637,
    11.333039985736209,
    11.819294749916372,
    11.972403157944521,
    11.924084483234079,
    11.827822147341001,
    11.745963184744095,
    11.658979742242796,
    11.657651368913458,
    11.60887927869485,
    11.52397499307503,
    11.478618930038728,
    11.378984732175827,
    11.330878227845577,
    11.22211748696241,
    11.156707822263735,
    11.514873997199846,
    11.948560126869474,
    11.82713600812974,
    11.796163865042237,
    11.69378398151728,
    11.63479942105817,
    11.588183145426566,
    11.58714196397096,
    11.537579533107603,
    11.475833716121818,
    11.426282899087395,
    11.370875211482316,
    11.294026712607316,
    11.372852995291371,
    11.522836410894396,
    11.928884708354135,
    11.839685216060058,
    11.738127219169678,
    11.670678071353565,
    11.64680687831699,
    11.58000243685704,
    11.594631070492815,
    11.663230433663362,
    11.632204281613706,
    11.534437360710792,
    11.55969221064036,
    11.55271758061377,
    11.63127065288818,
    11.896827067405377,
    11.869844483621149,
    11.852676798097223,
    11.765254113853667,
    11.700815541642804,
    11.631322665285346,
    11.55400544911112,
    11.5809853689079,
    11.563180210692506,
    11.547937071447823,
    11.49501810983919,
    11.536971937662619,
    11.549624432702013,
    11.553180257228771,
    11.702243535145193,
    11.817199711180125,
    11.824495906607527,
    11.902023743900116,
    11.825155434183294,
    11.77704305291901,
    11.699540761684752,
    11.62728297695995,
    11.587180417619475,
    11.570629556155662,
    11.53154464246737,
    11.647885917058096,
    11.68843591065919,
    11.696513583809608,
    11.762554279141783,
    11.849009819096937,
    11.870524158572955,
    11.873151888680205,
    11.885396534052216,
    11.807718902928457,
    11.711222633883152,
    11.649906402028094,
    11.573241093667283,
    11.50551580347536,
    11.66391236413941
  ],