{
  "lambda": 0.003,
  "n_particles": 10000,
  "n_realizations": 10,
  "hbar_mean": [
    16.56169445915903,
    16.33573136856709,
    16.120347076778277,
    18.994714374817498,
    19.07341597684827,
    19.005214145716998,
    18.884163488651915,
    18.71808808118529,
    18.517070555579167,
    18.34815841467501,
    18.106356766116754,
    17.88437641565587,
    17.667970138367686,
    17.501275091314003,
    17.269368316915184,
    17.04962683618651,
    16.813247016718677,
    16.590270184518054,
    16.37432956937692,
    19.054393268239025,
    18.931798475412744,
    18.781639617983593,
    18.591251660138617,
    18.392744843205207,
    18.18998306678568,
    17.975831316639834,
    17.758676774668785,
    17.53899700039699,
    17.315444971059403,
    17.09473234820992,
    16.882450066388373,
    16.670892081100014,
    16.455578425625184,
    16.234438215665655,
    16.512977777535642,
    18.745432372569397,
    18.531327582131187,
    18.328699765611255,
    18.135974581039513,
    17.927736891107685,
    17.719858646789714,
    17.522278686824798,
    17.30503216813164,
    17.10635147029506,
    16.926028879307975,
    16.705496822570616,
    16.51486625714833,
    16.30050958101593,
    16.08032221464095,
    15.888906630264358,
    17.989661220059137,
    18.30531558187718,
    18.24329152367472,
    18.070841979806715,
    17.876462935502886,
    17.662317657519242,
    17.460533243323667,
    17.268457581397676,
    17.057245816298355,
    16.855469832695313,
    16.650135371141126,
    16.445865741795796,
    16.245566932508087,
    16.038506360863668,
    15.828804833864405,
    16.428619966998365,
    17.79274890752211,
    17.893657354554872,
    17.82322807453225,
    17.706298705943492,
    17.529557034346755,
    17.34232657844582,
    17.145865166147402,
    16.942201242336893,
    16.729290133668492,
    16.528767865601917,
    16.29525288496381,
    16.098715491456733,
    15.881710913165733,
    15.636639937057243,
    15.436791869683077,
    17.0411411302045,
    17.182748089814048,
    17.2456568668547,
    17.145589217209167,
    16.963266354680847,
    16.788105442993242,
    16.588866980716464,
    16.38230709411156,
    16.18745303416453,
    15.990350973249283,
    15.768904655570704,
    15.540600936341397,
    15.321619920788269,
    15.116327993024365,
    14.892006349735116,
    14.71572847160112,
    16.172734216282734,
    16.198802682489976,
    16.18268728807001,
    16.080714856535014,
    15.893352416497205,
    15.677084760869414,
    15.477959040912685,
    15.264653448292766,
    15.056769037273853,
    14.862681066072852,
    14.680964365611654,
    14.490203296727135,
    14.301053196580739,
    14.105976162245824,
    13.91117986047224,
    14.81094567464692,
    15.140427444944658,
    15.192508205820056,
    15.162809986694338,
    15.070308542726204,
    14.93630683090277,
    14.735535297214255,
    14.549723371882658,
    14.36155011710997,
    14.173872938134334,
    13.984651839422208,
    13.823594899355408,
    13.683067061088343,
    13.610191418345408,
    13.453643393325242,
    13.55807152274763,
    14.186169890354043,
    14.465794959204505,
    14.542070764886613,
    14.491231373053399,
    14.426813351622922,
    14.255092032598654,
    14.112598812900268,
    13.965111414430899,
    13.808259717790843,
    13.657718686704285,
    13.500937057940055,
    13.326231328061358,
    13.161355224596885,
    13.047030563461576,
    12.960947687013483,
    13.357851822997002,
    13.695648453163013,
    13.828471130253101,
    13.83499070674505,
    13.789682426532162,
    13.673043167748768,
    13.517600169970873,
    13.421073810842449,
    13.242712833050357,
    13.126502674872182,
    12.994054674061195,
    12.837688926206273,
    12.683667008805624,
    12.56932050832952,
    12.458199202914066,
    12.452099881668932,
    12.831929062027985,
    13.065369651676813,
    13.211986003932356,
    13.194370076247765,
    13.057573468223726,
    12.931056916982092,
    12.866137530300254,
    12.797453015986337,
    12.650248976805974,
    12.49570072502374,
    12.38910245460391,
    12.26877389858159,
    12.105017816638158,
    11.95172716834795,
    11.807179060853585,
    12.128947156923356,
    12.488484209351885,
    12.726736230287234,
    12.778834864141455,
    12.642198091587167,
    12.517839621219686,
    12.412820471921679,
    12.344179279467934,
    12.277286291722152,
    12.158874211517348,
    12.021076690893722,
    11.885010215585577,
    11.767184409261462,
    11.620311133878584,
    11.537692408260323,
    11.67698695930638,
    12.02267467009833,
    12.408933904353258,
    12.504871315412311,
    12.392785745624332,
    12.253753626860284,
    12.14106466552194,
    12.069460216707819,
    11.988355859003946,
    11.906525788255895,
    11.752305858763211,
    11.623080644448702,
    11.505880111302035,
    11.37700221704387,
    11.326565084000897,
    11.440726877955049,
    11.7504690365226,
    12.25266380360483,
    12.165719813621347,
    12.071908053101703,
    11.959750193175406,
    11.83091435226422,
    11.753550093555335,
    11.696391890048746,
    11.613609385841979,
    11.560231030979061,
    11.482409779584307,
    11.402086516566788,
    11.266737106243996,
    11.213213242729454,
    11.328127116988902,
    11.822911771831434,
    11.974849830726239,
    11.925468610693247,
    11.826789791141497,
    11.745947136437644,
    11.65690307683302,
    11.655874723828566,
    11.60572844830581,
    11.52288500192277,
    11.470537400444593,
    11.378463989370426,
    11.332275790307893,
    11.222618475071759,
    11.154861438471347,
    11.50951455245281,
    11.94562482496799,
    11.827127156526632,
    11.79385748572582,
    11.692957351530332,
    11.634372470999068,
    11.58504233955363,
    11.584602946584704,
    11.534454882573524,
    11.475988875133819,
    11.427769902099909,
    11.376045616644564,
    11.297230117823684,
    11.372680463564475,
    11.522761345212254,
    11.926348165134144,
    11.838515635874222,
    11.737627341749112,
    11.670327392355444,
    11.645952460263775,
    11.579061863248711,
    11.591183738151402,
    11.658689258105792,
    11.628140377177454,
    11.534329151515738,
    11.561398121691814,
    11.553628095798544,
    11.63038334518287,
    11.894706355460961,
    11.864738628694639,
    11.849306104646262,
    11.763899845130853,
    11.696478982215796,
    11.630679949645273,
    11.552814908632696,
    11.575748618450408,
    11.559347486850992,
    11.545010299568933,
    11.49175669269207,
    11.538885697485627,
    11.551051384775796,
    11.554568163262706,
    11.699012423913706,
    11.813095192533725,
    11.82008680858394,
    11.901246137467519,
    11.822816883015046,
    11.774609155171628,
    11.698834062682689,
    11.625797014613562,
    11.58290080729593,
    11.568739993186128,
    11.528275472014426,
    11.64910365092594,
    11.689013301163957,
    11.697940104577492,
    11.763446440379202,
    11.846278044010486,
    11.864627161781033,
    11.86870679144682,
    11.884426648288223,
    11.807764480538504,
    11.708689169526972,
    11.647428096063312,
    11.570205091347093,
    11.504039270095205,
    11.663875698936035
  ],