{
  "lambda": 0.05,
  "n_particles": 10000,
  "n_realizations": 10,
  "hbar_mean": [
    16.56169445915903,
    16.335912661427066,
    16.120720717350505,
    18.989892144857162,
    19.078876425229314,
    19.011108399361177,
    18.892250709446934,
    18.72437590428031,
    18.52400685964277,
    18.35255586680234,
    18.113599942096076,
    17.891200613025333,
    17.676568730094083,
    17.50464599464068,
    17.273392540797538,
    17.052375337362445,
    16.815380610055815,
    16.592948942451436,
    16.434639114690626,
    19.048470861934906,
    18.9382270274835,
    18.786578214676403,
    18.595424860882797,
    18.397305831889923,
    18.194147575145383,
    17.98033145696277,
    17.763781381624426,
    17.54359783124881,
    17.31996919001433,
    17.099085299592083,
    16.886503594808364,
    16.675484899755354,
    16.459317560797192,
    16.238981726948833,
    17.015241018740817,
    18.733759030270228,
    18.535837805762842,
    18.338181547466128,
    18.150572817076903,
    17.939433539239765,
    17.73292289896049,
    17.531912076789737,
    17.318204805893124,
    17.122084423135377,
    16.938357796675003,
    16.72169456899335,
    16.52789377428073,
    16.31163741397013,
    16.093172420809125,
    15.933790901889077,
    17.716610509376903,
    18.294022751088264,
    18.243370721917778,
    18.07898820815538,
    17.890147534961606,
    17.677877407496307,
    17.471091948830086,
    17.264992470141404,
    17.05635888565668,
    16.853800304115786,
    16.647422579419754,
    16.447074869929743,
    16.245131978568917,
    16.04053085175252,
    15.834282703926732,
    16.310246160371527,
    17.780627569051656,
    17.90186364722879,
    17.837840803507994,
    17.710796422958452,
    17.53707613712221,
    17.351482069145696,
    17.155586598668883,
    16.95476223532078,
    16.740120794771382,
    16.537739380396516,
    16.31228757257945,
    16.10571254050615,
    15.893640982651466,
    15.66294009543734,
    15.556059067609064,
    16.73044840164939,
    17.171278650090095,
    17.28388729405763,
    17.192361739834183,
    17.011527116216588,
    16.820898223181224,
    16.633311845565096,
    16.426258499600998,
    16.22910681269864,
    16.028366447065434,
    15.811293382141917,
    15.582069009884824,
    15.357915342029816,
    15.149336609254249,
    14.936845104113678,
    15.06120004954316,
    16.075660140539526,
    16.193626827012945,
    16.202299295946844,
    16.1030136396042,
    15.91275432889152,
    15.707980333025205,
    15.509595152173546,
    15.306331796222617,
    15.099460481920923,
    14.908311513300768,
    14.723795436287535,
    14.52666851577373,
    14.332524577255054,
    14.13438978337922,
    14.02704514703693,
    14.670345191466236,
    15.101008696881427,
    15.185983795492016,
    15.171832627375398,
    15.084554937648836,
    14.943437559643476,
    14.755947517236132,
    14.573831585886808,
    14.385977299133307,
    14.196024942449537,
    14.015211183065503,
    13.844617403899727,
    13.718815860674358,
    13.605608333139463,
    13.480281392713295,
    13.585695544441638,
    14.175366060081165,
    14.432130968087241,
    14.508005940756385,
    14.477931831439985,
    14.39956767909348,
    14.26448374123728,
    14.117369912383538,
    13.970140112310807,
    13.811813331812616,
    13.66419370985902,
    13.512128221822987,
    13.330924056556478,
    13.171115601219785,
    13.073878744018236,
    12.996604868709795,
    13.321261877738522,
    13.641489745788423,
    13.808905097658911,
    13.823114256442642,
    13.797611309230728,
    13.654891861623781,
    13.52591518573745,
    13.385214574457175,
    13.244096404152481,
    13.122186816075743,
    12.999691545798143,
    12.84499290919293,
    12.693095322951901,
    12.57053089354952,
    12.453930175581162,
    12.502814540474336,
    12.778762404933605,
    13.043641372736522,
    13.154474368343017,
    13.148718273450465,
    13.024991905754183,
    12.899747543065086,
    12.811924196599,
    12.734221348301423,
    12.600380970642808,
    12.453928101678128,
    12.350094336527562,
    12.22613459390235,
    12.068930487942293,
    11.9197461992062,
    11.829759702083411,
    12.049589692760614,
    12.39493063365464,
    12.611865940598921,
    12.673315525352034,
    12.575496025018015,
    12.46021099936685,
    12.349727396462265,
    12.281959345750451,
    12.205930813006784,
    12.103941393056948,
    11.965745047675835,
    11.850314306822229,
    11.715959269248597,
    11.582224294650342,
    11.502391967398623,
    11.59137281650397,
    11.973217008089396,
    12.32169521462183,
    12.391373529543317,
    12.27719196918415,
    12.162043951246146,
    12.05787345206338,
    11.99286926457408,
    11.927147053146353,
    11.802418485264175,
    11.6620917849431,
    11.543143068562305,
    11.430244057050071,
    11.311068028895804,
    11.2532908879614,
    11.346764313241552,
    11.716129836067644,
    12.09908261428538,
    12.073692999530081,
    11.971578475489995,
    11.876799659211596,
    11.763139818124742,
    11.693690888762895,
    11.615649707960042,
    11.551683539306126,
    11.47168775556768,
    11.401261417510455,
    11.322297788209616,
    11.210082359488108,
    11.150014035223847,
    11.221383332591136,
    11.769578983456839,
    11.919670720537889,
    11.861401352567183,
    11.76662351232687,
    11.686725222196433,
    11.607187421735075,
    11.592193798520025,
    11.537118800983915,
    11.476951202067344,
    11.410321588423447,
    11.343450326871679,
    11.290174646995444,
    11.206416613861357,
    11.16608977807607,
    11.442148890399778,
    11.838662312406205,
    11.760892714676517,
    11.699010150907847,
    11.623709182970902,
    11.557636734848803,
    11.513604475648481,
    11.511003699570136,
    11.461772513870796,
    11.4137508105178,
    11.36067044363276,
    11.313804600430027,
    11.254233668573985,
    11.33114546506052,
    11.581229652514207,
    11.829064909449954,
    11.757984943398329,
    11.664356169751802,
    11.600082573675744,
    11.55574965982154,
    11.51490724559239,
    11.512640659829987,
    11.556782317990482,
    11.531476128305684,
    11.462454953987933,
    11.49463736910026,
    11.528409789459964,
    11.581258161737884,
    11.778002883841884,
    11.78492647933734,
    11.759351239574924,
    11.687628399914761,
    11.612692114790125,
    11.556329179226541,
    11.51548566224579,
    11.506537062412189,
    11.508902288566121,
    11.481690250300492,
    11.445508915735065,
    11.475473710243556,
    11.492336455493366,
    11.52391185657283,
    11.667402002080062,
    11.752978724887218,
    11.755640837266132,
    11.777885002329793,
    11.738102512022476,
    11.683612743182039,
    11.623426912333041,
    11.55073260404061,
    11.504813472222843,
    11.482044372277596,
    11.46142967199032,
    11.580205263059904,
    11.61871868649885,
    11.629379986818444,
    11.71019969643882,
    11.771503380655554,
    11.780166219800325,
    11.77842414154245,
    11.79098662666151,
    11.724605431094966,
    11.634807203362076,
    11.55756504247046,
    11.483107771233502,
    11.456091932049684,
    11.566013366549948
  ],