{
  "lambda": 0.015,
  "n_particles": 10000,
  "n_realizations": 10,
  "hbar_mean": [
    16.56169445915903,
    16.335705099108175,
    16.120428180673635,
    18.99628994985904,
    19.074973951866674,
    19.006534953302452,
    18.884701048751452,
    18.71984503453198,
    18.51871960745795,
    18.348159141620563,
    18.105632832133466,
    17.884458683665862,
    17.668412209101383,
    17.50404078911283,
    17.270684576275467,
    17.049365089452937,
    16.8135686534514,
    16.590465885071815,
    16.373396444318605,
    19.054435167133473,
    18.93251373828318,
    18.78182552027174,
    18.593366897152492,
    18.394736958338132,
    18.19075731158898,
    17.97717085629741,
    17.761088294471314,
    17.541582751021448,
    17.318185621873667,
    17.09718775001747,
    16.88543551765496,
    16.67342767249155,
    16.458099549187857,
    16.23591158671666,
    16.534653699182392,
    18.74890772469827,
    18.534383763551688,
    18.33240832416509,
    18.141134712369432,
    17.930266969880943,
    17.723802450365543,
    17.525761359955087,
    17.308019443622936,
    17.108970090237325,
    16.930431944166198,
    16.709513834293436,
    16.517839178154095,
    16.302031068546185,
    16.083977727918402,
    15.891172135403977,
    17.995349949422902,
    18.306604364366848,
    18.242687300780666,
    18.073832615217846,
    17.882164182087337,
    17.665982236357003,
    17.46435793788203,
    17.26412523450936,
    17.05464847307645,
    16.85309523489511,
    16.64869559205509,
    16.446604201282966,
    16.245331829158836,
    16.039083809723977,
    15.83072665888351,
    16.321778157309947,
    17.79543525143272,
    17.90269383716953,
    17.830127532622818,
    17.71110011490993,
    17.53459892717434,
    17.347436608271174,
    17.152277928731987,
    16.948921183869853,
    16.734816865021138,
    16.534040314240922,
    16.30207908391431,
    16.10420359743496,
    15.892149106954037,
    15.6479246583006,
    15.448077716772975,
    17.014759196293735,
    17.19104344859709,
    17.268209020824383,
    17.167306300786738,
    16.98473236633019,
    16.801859338748436,
    16.605098604772916,
    16.399853242259105,
    16.208306683623864,
    16.007209915320274,
    15.783538894734093,
    15.554387388449337,
    15.333393453743705,
    15.12207651691278,
    14.900931205412892,
    14.888079737008766,
    16.15492661564639,
    16.20711155664106,
    16.192374125020187,
    16.09312618010564,
    15.901187465844469,
    15.688963644752713,
    15.48654048955411,
    15.278006211844808,
    15.069676953473257,
    14.874403332824787,
    14.696929537877958,
    14.501884119037665,
    14.31702098797623,
    14.121055709890262,
    13.927106559413309,
    14.823293300559731,
    15.138414043992094,
    15.200569172232647,
    15.168196298143195,
    15.082465893478528,
    14.945648718077146,
    14.746739837903785,
    14.561534172576724,
    14.374049688396074,
    14.18151537474856,
    13.995585691544537,
    13.834740582103475,
    13.694837181411497,
    13.615786147595298,
    13.46126370220116,
    13.574050826862422,
    14.193743977553634,
    14.46537118975844,
    14.544097373748858,
    14.495888687967556,
    14.426651479009724,
    14.26451303744517,
    14.120593157706285,
    13.972780812460863,
    13.818546233669498,
    13.666371497450617,
    13.513439684013907,
    13.330759561757407,
    13.16977278892197,
    13.058512965606761,
    12.972948324252423,
    13.36095190376896,
    13.683741833158729,
    13.838017241613276,
    13.834877341737357,
    13.792256316530162,
    13.670783303986118,
    13.519522661822958,
    13.416599621899973,
    13.24690256886947,
    13.129730082387017,
    12.99959596363784,
    12.844450555188747,
    12.685962022721162,
    12.576843058552246,
    12.459768260897246,
    12.469130759321704,
    12.825944265226275,
    13.071926341748778,
    13.20475425726344,
    13.194363051811953,
    13.052316460678568,
    12.92552511848864,
    12.857064620802277,
    12.779885117636534,
    12.645756652931377,
    12.488241644951398,
    12.383157714445494,
    12.265045408849499,
    12.102660402885288,
    11.950453234505224,
    11.812518796485557,
    12.116931600667566,
    12.473862676611859,
    12.706539454549993,
    12.769164731731026,
    12.630208672413612,
    12.50973876231369,
    12.401321571708337,
    12.334116789460245,
    12.263862846458895,
    12.152394636453435,
    12.012711553076644,
    11.882846913588157,
    11.76056814440662,
    11.616563622603719,
    11.53446006912178,
    11.65372111376692,
    12.018141685446913,
    12.395268800285425,
    12.484914887107822,
    12.368913082515077,
    12.236961840428632,
    12.123444293993446,
    12.059632529614927,
    11.982513923886817,
    11.89073348229654,
    11.73653301860325,
    11.610719812677448,
    11.494986602071807,
    11.365929322866638,
    11.315864861528494,
    11.424952797205492,
    11.745023434900656,
    12.234262917234776,
    12.144259751746448,
    12.049315224390934,
    11.939964540503077,
    11.813268687075425,
    11.742749673613,
    11.676876201627342,
    11.611923634310518,
    11.546316712969695,
    11.461271854630807,
    11.384372357317929,
    11.252314463186375,
    11.200316131706314,
    11.297390921482851,
    11.857455306850346,
    11.983206100851486,
    11.915769477873264,
    11.815698004406025,
    11.734190163765849,
    11.650079576715076,
    11.646633575980943,
    11.594060666602969,
    11.517481400894507,
    11.459094882227202,
    11.378839176293187,
    11.320098256810343,
    11.214941328362062,
    11.14808401044404,
    11.488116348510681,
    11.933567008267033,
    11.815648557743916,
    11.766570299989514,
    11.67821006995021,
    11.616911811366233,
    11.570397856200145,
    11.575080079700982,
    11.518265227455995,
    11.465650115923356,
    11.411859767306385,
    11.368107205677155,
    11.297237295384033,
    11.366498260782445,
    11.528850328032311,
    11.907902807931528,
    11.82160281711857,
    11.724202386539158,
    11.659717507445285,
    11.62673052898795,
    11.564243274174668,
    11.577570772993699,
    11.641110482652445,
    11.60930634506617,
    11.518718382659316,
    11.54911556613115,
    11.550220035442967,
    11.623382202487896,
    11.868759038683525,
    11.847352539170595,
    11.83201072921599,
    11.748723721930624,
    11.67889486739945,
    11.616666995664222,
    11.547123173188728,
    11.56204567639753,
    11.554066221250082,
    11.537615411563852,
    11.482275566963995,
    11.531518831773283,
    11.542024640574633,
    11.55359177940918,
    11.69765000017919,
    11.797661156511367,
    11.801976428570182,
    11.871307525159105,
    11.806858192545583,
    11.750965007787446,
    11.686061075330928,
    11.609829011346823,
    11.567919150012418,
    11.555762802396305,
    11.511887074987502,
    11.637018829402937,
    11.67812299399434,
    11.689817938227524,
    11.751905675493584,
    11.819471271302705,
    11.828893941272275,
    11.849014792289891,
    11.869672690014395,
    11.791566489323063,
    11.693873259008434,
    11.626081609673351,
    11.546939801385653,
    11.504391078908581,
    11.65077610624349
  ],