{
  "lambda": 0.0,
  "n_particles": 10000,
  "n_realizations": 10,
  "hbar_mean": [
    16.56169445915903,
    16.33575663611743,
    16.12027896989982,
    18.993873140953035,
    19.072521427287295,
    19.005190397574758,
    18.88404581327307,
    18.717855699716146,
    18.517133965372714,
    18.347782440575354,
    18.10658916621488,
    17.884803157829822,
    17.66849429553391,
    17.501954877910244,
    17.269353876271616,
    17.049531184828616,
    16.81347808484808,
    16.589789366848372,
    16.375875653063048,
    19.054024237438533,
    18.931024625638344,
    18.78075352040351,
    18.590766188120483,
    18.39178179205552,
    18.188982442767614,
    17.975789946158674,
    17.75883688273165,
    17.53804068436031,
    17.31481561563057,
    17.09396565146949,
    16.881743080765546,
    16.6711331180947,
    16.45546061673658,
    16.236689813023666,
    16.49899166477602,
    18.74465013934157,
    18.531222231625332,
    18.32826868567785,
    18.13630293523052,
    17.92679492986337,
    17.719983884529384,
    17.523266742825662,
    17.30459881896769,
    17.106943909570813,
    16.927347803216296,
    16.70627457216125,
    16.515751009636876,
    16.301364924810198,
    16.08147490982275,
    15.890545548811678,
    17.991716780225396,
    18.305876896783552,
    18.243781896270704,
    18.072651079630145,
    17.87811854085426,
    17.663447846536336,
    17.46225863241566,
    17.270137428097094,
    17.057797833749568,
    16.85532789722659,
    16.649470815166907,
    16.44544220979568,
    16.243373306159825,
    16.036647211171278,
    15.827094685185083,
    16.434419596561767,
    17.7898029288852,
    17.89146354360871,
    17.82105271668151,
    17.705152742613926,
    17.526512730262642,
    17.340854027618644,
    17.144837000327282,
    16.940249033579573,
    16.726765345388692,
    16.52682935759215,
    16.291528647045446,
    16.09742006393046,
    15.880597105091372,
    15.635212541802968,
    15.434305044906456,
    17.041847274559366,
    17.182202561353712,
    17.241470282437824,
    17.142787870224986,
    16.95876770617723,
    16.78615239081148,
    16.587733350845305,
    16.377361416335887,
    16.18311130113151,
    15.985487029977623,
    15.76657268783639,
    15.53874685908382,
    15.32223071535032,
    15.10881544318022,
    14.883693288194547,
    14.67616747502089,
    16.162397148032802,
    16.1866324218665,
    16.17487430198169,
    16.07242566154867,
    15.884938401958545,
    15.670008499090482,
    15.4734231167991,
    15.261925426382144,
    15.054577808528887,
    14.864767206841321,
    14.689615437668465,
    14.493720985877392,
    14.305526097489937,
    14.108614048385391,
    13.910867266178375,
    14.81302154776763,
    15.14391566058261,
    15.19261572057257,
    15.163661858511151,
    15.073208933603322,
    14.937821751299662,
    14.73582947401037,
    14.548822431667062,
    14.359842763412217,
    14.172633532242383,
    13.982532634686374,
    13.81995722889349,
    13.681954579075889,
    13.614330662650133,
    13.454756532243763,
    13.564913704769328,
    14.18876718541377,
    14.467262093045349,
    14.539696367028322,
    14.489854553695462,
    14.424185468640465,
    14.252883059578974,
    14.111386715560197,
    13.963724910932427,
    13.807528776386766,
    13.655096714916306,
    13.498640418847009,
    13.325950545229995,
    13.161446066248192,
    13.044523796107063,
    12.958203137224771,
    13.354424456503835,
    13.689981214801232,
    13.824054577651129,
    13.831663180272594,
    13.78593121879015,
    13.668329175247797,
    13.513844346500221,
    13.416220883231412,
    13.238687412477827,
    13.120092300303202,
    12.987559022222351,
    12.831977802227403,
    12.679550869777055,
    12.566344151763472,
    12.452877887333878,
    12.445212889625822,
    12.831457834647747,
    13.06345166717757,
    13.210899642106256,
    13.193257950280307,
    13.056708506124973,
    12.928691539249892,
    12.86605557100079,
    12.79789276168805,
    12.649509770246345,
    12.49520522726819,
    12.388494957774387,
    12.269253641370032,
    12.106521440438888,
    11.952989897396076,
    11.807946142106765,
    12.132743268825969,
    12.49007020732614,
    12.728396034257184,
    12.7779813735094,
    12.640573890868819,
    12.516760796038314,
    12.411066656874823,
    12.341500168745274,
    12.276165452514954,
    12.154748052661935,
    12.017539332717494,
    11.882353853391814,
    11.766911241245847,
    11.619518832369932,
    11.536312138978218,
    11.679961122644908,
    12.023666834148404,
    12.41033283323692,
    12.509421393263356,
    12.395948853878034,
    12.255683810003159,
    12.141976568987145,
    12.06800903863787,
    11.988692122771578,
    11.905655191443685,
    11.750787113567473,
    11.622036692860997,
    11.507020263012803,
    11.379337993918082,
    11.328050916798379,
    11.45262369960278,
    11.75477073178406,
    12.255180311780084,
    12.168933894358391,
    12.073341664077667,
    11.961463912435583,
    11.831922308969954,
    11.753749284187924,
    11.697199392974785,
    11.614777245157493,
    11.558600386831609,
    11.482516153727893,
    11.403054290563826,
    11.267201896700334,
    11.215089016684448,
    11.33391870853114,
    11.82039624583653,
    11.972525216044591,
    11.925749306829198,
    11.827068107497173,
    11.745328560599914,
    11.65804952658286,
    11.656646807872843,
    11.607809556720193,
    11.523354903684234,
    11.478681501452789,
    11.37682154871569,
    11.32992849166968,
    11.220247593614122,
    11.155664417094474,
    11.515086489528985,
    11.94929740581993,
    11.828689618274591,
    11.799024931111298,
    11.69651781231939,
    11.637210528748486,
    11.588211166853526,
    11.587473349390331,
    11.537848471174604,
    11.475102313659331,
    11.427548007134446,
    11.372423075197606,
    11.294268870213907,
    11.373534643650029,
    11.522519736594822,
    11.930748083170753,
    11.841784238667282,
    11.740617318594236,
    11.671554399345965,
    11.647260766267364,
    11.579955640873084,
    11.593283359030371,
    11.66114383208983,
    11.631853035732194,
    11.531613253644563,
    11.557365466353469,
    11.55158262953219,
    11.628377179609691,
    11.894651397077839,
    11.868902353459971,
    11.851671552381468,
    11.765937806883889,
    11.701456272878593,
    11.632698631628696,
    11.554701490430485,
    11.580122441678137,
    11.561059466883085,
    11.546087960277378,
    11.493643350746183,
    11.536189835239322,
    11.547660850728013,
    11.551807039841915,
    11.70022472346337,
    11.814712973968554,
    11.82129119474534,
    11.900294404492659,
    11.82343822807714,
    11.777698503446652,
    11.698861539381165,
    11.627562546145818,
    11.588760566586226,
    11.571375310765001,
    11.531661122435525,
    11.647885837017153,
    11.686665031779452,
    11.696080406793039,
    11.762549508671215,
    11.847339771306931,
    11.868470929209552,
    11.870725563252,
    11.884294514541915,
    11.809340853589468,
    11.712288691179046,
    11.651872641228797,
    11.575652510195834,
    11.507984451504615,
    11.664893490690265
  ],