{
  "lambda": 0.02,
  "n_particles": 10000,
  "n_realizations": 10,
  "hbar_mean": [
    16.56169445915903,
    16.335765633124808,
    16.12046333613033,
    18.99502968441866,
    19.075301105731434,
    19.007080486027068,
    18.885909302632182,
    18.72001968515254,
    18.51968060554742,
    18.34975408836154,
    18.10566912691528,
    17.88441307070412,
    17.66961163091097,
    17.504618715812477,
    17.270838741562876,
    17.049903412779294,
    16.814369406969472,
    16.59141026021566,
    16.37713910627038,
    19.055635882116416,
    18.93404009631379,
    18.78289815471782,
    18.594742317938064,
    18.395093773562238,
    18.191738020956247,
    17.977684711978764,
    17.761897092231898,
    17.54231498592488,
    17.31912995443132,
    17.098828596887916,
    16.886265818451346,
    16.674184680384066,
    16.459218947624187,
    16.23952798999428,
    16.600638789771374,
    18.746549274410473,
    18.53669858185133,
    18.3339447910656,
    18.14274100402314,
    17.931910758239532,
    17.724802113826584,
    17.52644626512241,
    17.308757492201774,
    17.110671234686016,
    16.93052838228126,
    16.711355504164658,
    16.518446084336983,
    16.304886194687178,
    16.08637049037281,
    15.891820905442168,
    17.983569854571822,
    18.308192514774536,
    18.24473309846212,
    18.077100770466494,
    17.88647742841985,
    17.671740834469695,
    17.469015323179317,
    17.26633741831865,
    17.057779921163224,
    16.85446475676004,
    16.65035737852742,
    16.44905315918271,
    16.248103907962754,
    16.041799042326783,
    15.83392681590396,
    16.30453692076893,
    17.7954692113964,
    17.904128436782674,
    17.831987781420736,
    17.71191876060501,
    17.535737508696702,
    17.34844835539421,
    17.151552944479675,
    16.95115276157696,
    16.73574673413797,
    16.53557537101697,
    16.30412197874309,
    16.103251527254578,
    15.893531851471868,
    15.65195621354457,
    15.450210022641453,
    16.993950484722692,
    17.194645960292757,
    17.27141414526347,
    17.17278545800688,
    16.988534723160363,
    16.802293343960585,
    16.60767237097893,
    16.410340628225608,
    16.217847474205005,
    16.01772515538933,
    15.797934033979278,
    15.566680331912215,
    15.341897200954559,
    15.13008539383318,
    14.909012043987213,
    14.923385949314437,
    16.142102765550426,
    16.202489619634278,
    16.190455933979678,
    16.093254251223094,
    15.901334714989172,
    15.689857951538746,
    15.488396962446851,
    15.280301028997059,
    15.07079649427854,
    14.878135413254785,
    14.697829152769845,
    14.500223941544386,
    14.314992492786587,
    14.119935776677618,
    13.92308165411919,
    14.81482892374531,
    15.126823814547539,
    15.196776024578261,
    15.166359592253169,
    15.079953378601996,
    14.94199245732256,
    14.74662498425514,
    14.562044683512738,
    14.373152215671842,
    14.183033071084594,
    13.996517833208959,
    13.834043910685585,
    13.697527360479887,
    13.611223932568521,
    13.458090743233148,
    13.565455714873403,
    14.19043963038428,
    14.460372004798746,
    14.537302347075542,
    14.492886196277365,
    14.418269237464822,
    14.264317608757395,
    14.118229232005158,
    13.971120572156241,
    13.817632368821625,
    13.66908777088202,
    13.510177323249843,
    13.32771730164446,
    13.167331876981127,
    13.053923037001017,
    12.97268297808379,
    13.342822778044493,
    13.672740150534509,
    13.83088517434329,
    13.829407058444994,
    13.789331673332205,
    13.662752972128185,
    13.511177407271628,
    13.407878938049512,
    13.240538863782376,
    13.121694996257395,
    12.996688849130015,
    12.841695754011033,
    12.682231067250155,
    12.569283994399589,
    12.447471496022498,
    12.466442249993307,
    12.815801076669993,
    13.062694107057137,
    13.19139435890462,
    13.184356816361813,
    13.042853870615243,
    12.917820861611958,
    12.844319471505667,
    12.766278140818782,
    12.634115696258103,
    12.475325686822604,
    12.373180512776234,
    12.254085441680282,
    12.092173180992768,
    11.93950494076243,
    11.809748109459164,
    12.102107231949981,
    12.454863881251402,
    12.689045381872273,
    12.751956365449772,
    12.61463349223573,
    12.496876872842005,
    12.388715697201203,
    12.319599003200233,
    12.249072019604103,
    12.14026440027755,
    12.00024089290461,
    11.87352169622846,
    11.749577832591338,
    11.60727634461992,
    11.523110564497603,
    11.637386623353063,
    12.007913808367064,
    12.381061555271883,
    12.464781394428543,
    12.347208593719065,
    12.217255439514528,
    12.106366443707364,
    12.042858992398596,
    11.96409090322734,
    11.871541680393907,
    11.718044437570239,
    11.593876831831105,
    11.479807041516803,
    11.349380877363284,
    11.298344697431194,
    11.40144259353776,
    11.734507949780212,
    12.215678863546595,
    12.12526092434382,
    12.027559155467603,
    11.92054650423057,
    11.79532516192634,
    11.729089101658582,
    11.65818109521371,
    11.593177266286075,
    11.529205182115273,
    11.445044260080206,
    11.368143609064706,
    11.241251738071231,
    11.187722332472825,
    11.277073898342973,
    11.841661600961027,
    11.970051151627736,
    11.900626833383166,
    11.799289787736608,
    11.718260423136787,
    11.634146353213852,
    11.632026156753948,
    11.57640391626195,
    11.504489994907468,
    11.447719819575685,
    11.370610934182144,
    11.30790422385717,
    11.203962365700233,
    11.142347121676526,
    11.472992458936812,
    11.918562344199064,
    11.802863305427145,
    11.74789637554868,
    11.664140300393148,
    11.599200603995683,
    11.554911135925076,
    11.561456534947439,
    11.504412727596108,
    11.453186508784523,
    11.395103572869603,
    11.353289356578264,
    11.28350342994452,
    11.35128945946066,
    11.520931210883038,
    11.888933732043158,
    11.807221500258274,
    11.710519736485944,
    11.639942996417195,
    11.60779819723956,
    11.550880333465281,
    11.560785842354111,
    11.622339421391212,
    11.590942683581808,
    11.50595002104541,
    11.537631392670487,
    11.541170211087747,
    11.609083057178703,
    11.846047207166887,
    11.829353267657131,
    11.813480434067912,
    11.731228676671,
    11.66349022774695,
    11.59927312722793,
    11.534889214477715,
    11.54257810231508,
    11.538393873392288,
    11.523292674230643,
    11.46855918766943,
    11.51788809013951,
    11.531871568470331,
    11.547074826168787,
    11.690237006368916,
    11.78562089728765,
    11.785986301284055,
    11.852312030310594,
    11.793111669796474,
    11.73505304542714,
    11.667387303177442,
    11.593527048570632,
    11.54695543246767,
    11.54038390242721,
    11.495946764916143,
    11.622324977476064,
    11.661748892073849,
    11.677641043315514,
    11.746074397928087,
    11.806154632332603,
    11.81770566607549,
    11.835910959085464,
    11.858791361401817,
    11.776820757509645,
    11.67828959149305,
    11.609631839733591,
    11.527804101399687,
    11.489509925536234,
    11.632235964721675
  ],