{
  "lambda": 0.007,
  "n_particles": 10000,
  "n_realizations": 10,
  "hbar_mean": [
    16.56169445915903,
    16.3356780371459,
    16.120388612125602,
    18.994874984321605,
    19.074277933892215,
    19.005527135744614,
    18.88467413969797,
    18.718648483972302,
    18.517562888820823,
    18.348060749650518,
    18.105377356568688,
    17.88413056548182,
    17.667969137368193,
    17.503670093695185,
    17.27081469252299,
    17.050675868619567,
    16.814766390197306,
    16.591598021388435,
    16.373758952461678,
    19.056013337761534,
    18.932444359167516,
    18.78221549059602,
    18.5923862626885,
    18.393781331769013,
    18.19033917144744,
    17.976978444770744,
    17.76004781754549,
    17.53979927305893,
    17.31603673963776,
    17.095586174472043,
    16.883991729433717,
    16.67258118524627,
    16.45689954380864,
    16.235426527757916,
    16.518813250737104,
    18.746870596715603,
    18.534346991101664,
    18.329867059266853,
    18.138283586556035,
    17.928860798507266,
    17.721014257992273,
    17.523993526105798,
    17.30670881281465,
    17.108074024976165,
    16.92876700571691,
    16.708576258121358,
    16.517853465313802,
    16.30301078746701,
    16.083985732193575,
    15.891573154733882,
    17.993578523808242,
    18.307298599456306,
    18.245218240194276,
    18.074203532120638,
    17.880682611452553,
    17.666593713394825,
    17.462417199904078,
    17.269416119776167,
    17.05805474440165,
    16.856211715549584,
    16.650669854056577,
    16.447552158832547,
    16.246304852333637,
    16.040069032007217,
    15.831126483071525,
    16.384957018649658,
    17.79544061803519,
    17.89895307013427,
    17.826031731708017,
    17.709700225039896,
    17.532582880341117,
    17.345869417244653,
    17.149586460846912,
    16.946875700362373,
    16.732712241032097,
    16.53297147637659,
    16.299164653889566,
    16.102333426339417,
    15.887706455451271,
    15.6428201011063,
    15.44207788522541,
    17.03937371206529,
    17.19038940043853,
    17.258191448610305,
    17.154623022860193,
    16.970833679040386,
    16.792791303446542,
    16.597133416889488,
    16.39157111532317,
    16.20105710974585,
    15.998710614020387,
    15.777559184114613,
    15.545047848624472,
    15.3263429821744,
    15.113185606665514,
    14.891512410247952,
    14.778563994969582,
    16.165275801626684,
    16.197915914323314,
    16.185532864876063,
    16.08716434346689,
    15.89534466522477,
    15.681288170616721,
    15.477696177995146,
    15.266429597899517,
    15.057338406054475,
    14.867233630886085,
    14.690872834852197,
    14.495655159082336,
    14.306502662649242,
    14.110230281971761,
    13.918290596640514,
    14.811525942132295,
    15.138612559965788,
    15.196589585566707,
    15.165419282133062,
    15.076525486839094,
    14.94090145562281,
    14.740960904836118,
    14.555508605505048,
    14.36682724860167,
    14.175605727112401,
    13.988701536827772,
    13.828766132541869,
    13.686815828021873,
    13.615321215145338,
    13.458546045800892,
    13.581396058729988,
    14.191949683592203,
    14.467246018866845,
    14.544076078596012,
    14.493978999455791,
    14.428783951623501,
    14.258904819792258,
    14.115567211077035,
    13.971125444207194,
    13.81468037074065,
    13.663724773170319,
    13.504221769528701,
    13.326364191539426,
    13.163775261521575,
    13.05211439521699,
    12.962777037586074,
    13.362135380108707,
    13.692660417391995,
    13.833427408204694,
    13.835372016687572,
    13.79240958660748,
    13.674789609789702,
    13.521699040816452,
    13.423466831728835,
    13.245107855105639,
    13.128661991348034,
    12.99766975744937,
    12.84269398265216,
    12.686158235001177,
    12.573958034651714,
    12.461628763952195,
    12.461146526775655,
    12.829405790145078,
    13.068181869437524,
    13.210966130207145,
    13.195030258990641,
    13.05663319302796,
    12.931293836063379,
    12.865683216056937,
    12.790326757657612,
    12.649485497766031,
    12.494579299883291,
    12.387240217943184,
    12.26916999231241,
    12.103575170066614,
    11.951639585210318,
    11.806420208200269,
    12.12453681903036,
    12.484013796469622,
    12.721159949580974,
    12.777524054798581,
    12.636257942522825,
    12.512780076243777,
    12.406895654535386,
    12.339468743226101,
    12.273186964603639,
    12.157711068657528,
    12.017876669556525,
    11.883474466640333,
    11.764661738738187,
    11.619389223220109,
    11.537379546378203,
    11.664958707653335,
    12.020770425320256,
    12.404260719073319,
    12.498442160531,
    12.38411738897447,
    12.247743965438335,
    12.132806027280697,
    12.06549562377038,
    11.984934386226843,
    11.901736403285883,
    11.745877536199416,
    11.618225012248832,
    11.500724738878084,
    11.373375191896603,
    11.322883710734715,
    11.43853886480337,
    11.74557087396281,
    12.248797896114732,
    12.158667075743162,
    12.063685688375708,
    11.953246462455148,
    11.823131953529789,
    11.749311806034825,
    11.68875981349939,
    11.616026582564377,
    11.555174034001992,
    11.475006092464453,
    11.39650931701218,
    11.261104825467848,
    11.20988847168387,
    11.310312701284177,
    11.83586282368374,
    11.976993716294666,
    11.92131026429673,
    11.821466594238487,
    11.740097766505295,
    11.654241517667028,
    11.652308238844892,
    11.602328469145402,
    11.52320479265011,
    11.465648029946411,
    11.376363496129997,
    11.32846729389346,
    11.219805108389547,
    11.14939834425127,
    11.502477232420494,
    11.94265713556522,
    11.823807833918309,
    11.78735994715708,
    11.689178929969128,
    11.630297569933818,
    11.581622036405646,
    11.581446497127752,
    11.531352615708217,
    11.472961445033585,
    11.427322922402642,
    11.380134052984364,
    11.299693483968172,
    11.373163989849735,
    11.527259126529215,
    11.921161445048334,
    11.833689133401197,
    11.733497676457416,
    11.664558066029555,
    11.640911559139882,
    11.574339994771762,
    11.588000068305632,
    11.653353968907961,
    11.624021511484504,
    11.52993301596529,
    11.560632656032599,
    11.55541626971581,
    11.632423082622413,
    11.888706893429498,
    11.861044289973247,
    11.845073589423645,
    11.761132679578834,
    11.690496929342668,
    11.626059380763536,
    11.548278424523481,
    11.567653471088402,
    11.555573582234045,
    11.541538022421431,
    11.488609889259202,
    11.537121225013346,
    11.551240109828566,
    11.554878402355556,
    11.695121176420463,
    11.80650425141288,
    11.815723415056366,
    11.892343858029204,
    11.815677686320157,
    11.767261074801054,
    11.695323494538695,
    11.62067825468178,
    11.578154712463725,
    11.565149171539824,
    11.5235104678928,
    11.648504126925754,
    11.688768246441468,
    11.698355209468152,
    11.761200887805638,
    11.839701346657488,
    11.849349461262715,
    11.860061440445552,
    11.87747619219034,
    11.800769530562743,
    11.7034904968143,
    11.641538381169314,
    11.563369218685633,
    11.500628336538469,
    11.661610953667031
  ],