{
  "lambda": 0.01,
  "n_particles": 10000,
  "n_realizations": 10,
  "hbar_mean": [
    16.56169445915903,
    16.335665469724226,
    16.12044122112521,
    18.995709076771163,
    19.074771324791413,
    19.00603890746053,
    18.88485537027281,
    18.71903339062685,
    18.518329222222224,
    18.34797167376143,
    18.10529236140751,
    17.884213014784685,
    17.66825777174673,
    17.504504118893085,
    17.271036259000304,
    17.0502592960137,
    16.814041076560663,
    16.591588385458216,
    16.37318181298477,
    19.056558102766022,
    18.933479203306444,
    18.782715423309906,
    18.59323415160517,
    18.39464329120431,
    18.19104929384877,
    17.977602929043506,
    17.760936812748476,
    17.541194082628813,
    17.317575529387682,
    17.097228744239526,
    16.885164017740614,
    16.67328585885176,
    16.45797962272838,
    16.236234567430238,
    16.519262838143987,
    18.748261051029008,
    18.534264756332387,
    18.331923175846697,
    18.140926345889913,
    17.929471299257422,
    17.723318245804613,
    17.52491316872752,
    17.307954398001677,
    17.107961928287068,
    16.929026997472267,
    16.71127437950054,
    16.519754866970167,
    16.303322653023884,
    16.085162311817808,
    15.891600217519553,
    17.994783798205653,
    18.309276515340084,
    18.246002988931583,
    18.076524088555097,
    17.8837085623125,
    17.669729689297277,
    17.465861424658332,
    17.268628775637268,
    17.057668141393055,
    16.85657910564608,
    16.65171524733082,
    16.44837874496465,
    16.24732551332931,
    16.039915403269585,
    15.831493183318182,
    16.367109029797053,
    17.795354776512063,
    17.9003870253185,
    17.82680243200985,
    17.70966020131068,
    17.532688712242177,
    17.345232739828493,
    17.1488686402037,
    16.94492253274722,
    16.731898005042495,
    16.533821475458545,
    16.29989234593165,
    16.1001816251092,
    15.888444096733119,
    15.642705360790549,
    15.443026949838195,
    17.034336300616623,
    17.189086962831464,
    17.262165933287285,
    17.16076742837716,
    16.97807082059655,
    16.800211143636893,
    16.599151120094177,
    16.39202710990375,
    16.20279309782071,
    16.005572278789696,
    15.782255860145511,
    15.551865479057266,
    15.330731805952862,
    15.119410884638842,
    14.896598451920159,
    14.827192794539183,
    16.157989954665062,
    16.20512187526998,
    16.19069858764211,
    16.090831526830005,
    15.903087471255542,
    15.690427961409279,
    15.486208541149699,
    15.27990417468981,
    15.072010264258108,
    14.880409969731105,
    14.700904105102314,
    14.507533282151584,
    14.318576449280581,
    14.120284427131008,
    13.925214760782916,
    14.82079835900492,
    15.144509498554296,
    15.205172759056683,
    15.169402282666585,
    15.083431450656846,
    14.944553338857801,
    14.743606406322451,
    14.560577647032463,
    14.372140282188218,
    14.183651533785985,
    13.99434156434109,
    13.834932311342275,
    13.695358429073792,
    13.619560558028686,
    13.460837818938037,
    13.57892914967699,
    14.195223172936295,
    14.471901429403289,
    14.544101613825333,
    14.499534533315085,
    14.429652746901738,
    14.264028305438913,
    14.120298467469132,
    13.974321391499856,
    13.818639861329796,
    13.668869036514064,
    13.509721410329643,
    13.330636150927592,
    13.168739016352674,
    13.057290790211756,
    12.967386505791216,
    13.366768872186686,
    13.693411788119409,
    13.835820315058243,
    13.835575317073971,
    13.7931047001293,
    13.674145488964825,
    13.519500035711479,
    13.42147470815255,
    13.245663582649476,
    13.127364666527672,
    12.999478493510887,
    12.844889634059124,
    12.68500928497806,
    12.575064381484712,
    12.461741706135745,
    12.462613066442868,
    12.82729986670275,
    13.070386749774936,
    13.2081049594705,
    13.1953742090792,
    13.056123782129845,
    12.929130346196754,
    12.861353409058784,
    12.785621465192474,
    12.64828869754252,
    12.491884986188435,
    12.386222137348941,
    12.26925127203634,
    12.104401501034088,
    11.951512833492348,
    11.806699530604417,
    12.121824433020407,
    12.479209545424007,
    12.714838923097464,
    12.773249535760181,
    12.635970182869375,
    12.514501765674737,
    12.40727915314829,
    12.337603319396438,
    12.27007563637914,
    12.156239565156959,
    12.017843002468325,
    11.884572653844298,
    11.766318466226394,
    11.621060320221147,
    11.537723394508436,
    11.65941813079439,
    12.019941557900989,
    12.39862563674686,
    12.494005656624292,
    12.378705990350278,
    12.244300797668442,
    12.129468628789688,
    12.063060152108374,
    11.981198856559178,
    11.897987934867565,
    11.742314739351531,
    11.618174160092298,
    11.499906580507847,
    11.372296075258825,
    11.320490119705124,
    11.434586858608286,
    11.743980253149797,
    12.242632512972394,
    12.152972630530858,
    12.057447208547497,
    11.94951595131278,
    11.819008959571203,
    11.74593119613803,
    11.684972900458066,
    11.619915654059639,
    11.551535064056239,
    11.472715655383166,
    11.394610583001944,
    11.260537193428222,
    11.207379479079703,
    11.306720094412318,
    11.848783483020217,
    11.980660870446302,
    11.918198448494419,
    11.818923872736937,
    11.737721491413899,
    11.652781769412366,
    11.650337681274621,
    11.599054580726134,
    11.519252812351626,
    11.460650196354404,
    11.376405275174198,
    11.325102523367551,
    11.217821971481808,
    11.147680809665903,
    11.500484320650665,
    11.938229129299886,
    11.821246930858848,
    11.77517650779333,
    11.68598911838944,
    11.624224535887727,
    11.57812133665811,
    11.579236350271497,
    11.525723507041077,
    11.469263033720098,
    11.420106109786698,
    11.374644852986597,
    11.300811892136737,
    11.369961682042556,
    11.526605762162603,
    11.916705745085846,
    11.82985703720735,
    11.731974400535954,
    11.6629877723644,
    11.639537853294208,
    11.571768028732553,
    11.5839430269714,
    11.64976327264969,
    11.617220469932947,
    11.525003853611475,
    11.556003825746519,
    11.553742845156586,
    11.631440731026718,
    11.882073876306844,
    11.85596989804882,
    11.839186020513655,
    11.755295563627719,
    11.687217053062462,
    11.622470476261217,
    11.544254690625648,
    11.566011759472495,
    11.55649217984499,
    11.539859522925934,
    11.485733778863693,
    11.533364957631388,
    11.547702431766227,
    11.554849919694643,
    11.700143044523585,
    11.80408964248598,
    11.812320877718237,
    11.884024155651947,
    11.811188813881852,
    11.762037436174385,
    11.689881540697609,
    11.615425219414648,
    11.573294473617482,
    11.560886116004951,
    11.520099337640357,
    11.643683031220528,
    11.686082568781293,
    11.6962640460078,
    11.758649561404246,
    11.833564575775956,
    11.84395278261954,
    11.855887406171078,
    11.874528170699973,
    11.796784137964563,
    11.698800431464452,
    11.634839920739022,
    11.555652124380256,
    11.502732439739622,
    11.655688032919581
  ],