{
  "ic": "uniform_ic",
  "lambda": 0.05,
  "tau_rad": 0.01,
  "D_ALD": 0.5,
  "D_source": "override",
  "omega_max": 3.0,
  "n_particles": 1000,
  "n_realizations": 5,
  "t_final": 25.133,
  "H_init": 1.2722735905353395,
  "H_final": 0.11680566205493452,
  "times": [
    0.0,
    0.7860000000000006,
    1.5720000000000012,
    2.357999999999962,
    3.1439999999998753,
    3.9299999999997888,
    4.715999999999703,
    5.501999999999616,
    6.2879999999995295,
    7.073999999999443,
    7.859999999999356,
    8.645999999999557,
    9.43199999999982,
    10.218000000000082,
    11.004000000000344,
    11.790000000000607,
    12.57600000000087,
    13.362000000001132,
    14.148000000001394,
    14.934000000001657,
    15.720000000001919,
    16.50600000000173,
    17.292000000001295,
    18.07800000000086,
    18.864000000000424,
    19.649999999999988,
    20.435999999999552,
    21.221999999999117,
    22.00799999999868,
    22.793999999998245,
    23.57999999999781,
    24.365999999997374,
    25.13199999999695
  ],
  "hbar_mean": [
    1.2722735905353395,
    0.11486606557514581,
    0.11273021953593838,
    0.10331569335904982,
    0.11894115671316363,
    0.11686310971003792,
    0.11839865816343412,
    0.11423429623809604,
    0.10841802072616498,
    0.11212031848419675,
    0.12156269264181829,
    0.11947773718219312,
    0.11032051150258668,
    0.11711647728841575,
    0.11649283397473102,
    0.11167827132186132,
    0.11422331774434155,
    0.1088334303783451,
    0.1137764068765978,
    0.1104776427023246,
    0.12170438714868004,
    0.11697665010622256,
    0.12608382445100794,
    0.11678255256324502,
    0.11557064407328443,
    0.12148061308618234,
    0.1203280278460455,
    0.11621140510861168,
    0.12039499845749888,
    0.11443393869474464,
    0.12413258350466058,
    0.11728570396687592,
    0.11680566205493452
  ],
  "hbar_std": [
    0.0216987617373718,
    0.005697347680388557,
    0.008536918813910612,
    0.00776608989337792,
    0.013166213095898507,
    0.008316685879763365,
    0.006897515103707363,
    0.008242645082973775,
    0.010190119211365263,
    0.016335127538704627,
    0.015704306238686055,
    0.01366050882056534,
    0.007165543282895445,
    0.013767387390111331,
    0.008592106545888932,
    0.007141660319756993,
    0.00811439416288278,
    0.009440967597425902,
    0.003925824405260937,
    0.00714097595743116,
    0.00917169433347203,
    0.008272997600786747,
    0.007300337425344271,
    0.008991423298214864,
    0.008130729405320274,
    0.0022580071516521984,
    0.004639464870084485,
    0.010171313011355326,
    0.008922941310565598,
    0.004026508931274606,
    0.00665985612272119,
    0.009944766660007905,
    0.015645218732101236
  ],
  "hbar_all": [
    [
      1.2833594731761626,
      0.12436628568895457,
      0.10232322937713101,
      0.11743041324500222,
      0.10074985547153276,
      0.12056786842054519,
      0.12884042823205438,
      0.10965369294850169,
      0.12035895182238524,
      0.11380291575190607,
      0.1165606282733246,
      0.14638079702814255,
      0.12344263364877375,
      0.13307380192696752,
      0.11021815290236175,
      0.10536314857016768,
      0.12633726461778233,
      0.10770524710471924,
      0.11832123560427327,
      0.10243325624190258,
      0.13702198662690915,
      0.11869090298986534,
      0.13164191937686065,
      0.127474985899378,
      0.12183411990237995,
      0.1231100942865572,
      0.1185981203465329,
      0.1294346046112217,
      0.10452317570808406,
      0.11457276599811371,
      0.11950677135399942,
      0.12538408039233254,
      0.1068125630279537
    ],
    [
      1.2592108014650225,
      0.10966278832825131,
      0.12501415611570277,
      0.09447459313344705,
      0.14072688574474473,
      0.12960486067387428,
      0.10970680476291764,
      0.1274983611102412,
      0.11408095214044896,
      0.1300817421080091,
      0.10917312846089458,
      0.11295767506989984,
      0.10830777757271284,
      0.10181061763484311,
      0.11119300856549671,
      0.11146791843214071,
      0.11578364390054718,
      0.10943299811023002,
      0.11506349479957166,
      0.10619129369728858,
      0.10928339234353582,
      0.11999201464944895,
      0.11283807526914386,
      0.11049046718834102,
      0.10483263259163134,
      0.12039884776925827,
      0.11966564329916768,
      0.10183658195705897,
      0.12466418802383039,
      0.10789433458158859,
      0.12746168646259964,
      0.11420465146225393,
      0.10100669016143812
    ],
    [
      1.2858959449075775,
      0.11850979401554756,
      0.11156497578004007,
      0.10035473830133512,
      0.11168464525788327,
      0.10612514421302394,
      0.12281318692033036,
      0.11304725592941593,
      0.09561317665646549,
      0.097105650009018,
      0.14026660526406162,
      0.11698963374895813,
      0.10817612499197755,
      0.1016448798297771,
      0.10754589608748251,
      0.125407322005277,
      0.10740487414721907,
      0.11698586628716984,
      0.11557119380219195,
      0.12258744683279034,
      0.11919095566425303,
      0.10200441310300601,
      0.12394582306124811,
      0.10766333753947976,
      0.11816715170085619,
      0.11756365859953231,
      0.1291617866251564,
      0.11805480196800261,
      0.12606306836875342,
      0.11252332212365011,
      0.11379094310617914,
      0.12148121088118816,
      0.14457512561744656
    ],
    [
      1.2363903335936586,
      0.11060703519996645,
      0.11957101043305098,
      0.10468214987827734,
      0.12173189100835402,
      0.10964070163113382,
      0.11803778047527283,
      0.11801208771842515,
      0.11521249593621223,
      0.09015135056845534,
      0.10214612908125009,
      0.11005207070221856,
      0.11006292744801605,
      0.11712347871391822,
      0.1291039992557873,
      0.10865048621641123,
      0.1033777799284683,
      0.0918210744225585,
      0.10661314023947495,
      0.10703768688781196,
      0.11795617502337458,
      0.11692312407757477,
      0.1290875245085888,
      0.1279742015526829,
      0.10735808890941295,
      0.12259552216839154,
      0.11875202806860433,
      0.10773680061303023,
      0.11710859581595187,
      0.1187995046821082,
      0.13265474152106987,
      0.12608404386372055,
      0.10870020181195611
    ],
    [
      1.296511399534276,
      0.11118442464300904,
      0.10517772597376707,
      0.0996365722371874,
      0.11981250608330345,
      0.11837697361161247,
      0.11259509042659538,
      0.10296008348389621,
      0.09682452707531287,
      0.1294599339835953,
      0.13966697212956064,
      0.11100850936174653,
      0.10161309385145324,
      0.13192960833657283,
      0.12440311306252685,
      0.10750248138530996,
      0.11821302612769094,
      0.11822196596704793,
      0.11331296993747714,
      0.11413852985182957,
      0.12506942608532765,
      0.12727279571121777,
      0.13290578003919834,
      0.11030977063634337,
      0.1256612272621418,
      0.12373494260717237,
      0.11546256089076626,
      0.12399423639374485,
      0.1296159643708747,
      0.1183797660882625,
      0.1272487750794549,
      0.09927453323488447,
      0.12293372965587816
    ]
  ],
  "tau_eff": 70.46949130270507,
  "R2_fit": 0.0662055458119184
}