{
  "ic": "born_ic",
  "lambda": 0.05,
  "tau_rad": 0.01,
  "D_ALD": 0.5,
  "D_source": "override",
  "omega_max": 3.0,
  "n_particles": 1000,
  "n_realizations": 5,
  "t_final": 25.133,
  "H_init": 0.1175188081606177,
  "H_final": 0.10778674346960351,
  "times": [
    0.0,
    0.7860000000000006,
    1.5720000000000012,
    2.357999999999962,
    3.1439999999998753,
    3.9299999999997888,
    4.715999999999703,
    5.501999999999616,
    6.2879999999995295,
    7.073999999999443,
    7.859999999999356,
    8.645999999999557,
    9.43199999999982,
    10.218000000000082,
    11.004000000000344,
    11.790000000000607,
    12.57600000000087,
    13.362000000001132,
    14.148000000001394,
    14.934000000001657,
    15.720000000001919,
    16.50600000000173,
    17.292000000001295,
    18.07800000000086,
    18.864000000000424,
    19.649999999999988,
    20.435999999999552,
    21.221999999999117,
    22.00799999999868,
    22.793999999998245,
    23.57999999999781,
    24.365999999997374,
    25.13199999999695
  ],
  "hbar_mean": [
    0.1175188081606177,
    0.11908211871962049,
    0.1176832350271608,
    0.11190435431751292,
    0.11313926027582119,
    0.11599706414398711,
    0.11408972230151307,
    0.12074346865545012,
    0.11658636930814943,
    0.11486785599773648,
    0.10673331890675535,
    0.11569847456527367,
    0.1118335094318201,
    0.11938235874549123,
    0.11923733119102105,
    0.12019052692843406,
    0.11224415975055058,
    0.11667844231016611,
    0.12038699526220635,
    0.11462648813273053,
    0.11233866559657654,
    0.1164192623573264,
    0.12024846781110507,
    0.1120438893238973,
    0.11738015432358999,
    0.11579922197881971,
    0.12409044378077563,
    0.11702639336242993,
    0.12279039980811142,
    0.1150085927720742,
    0.12334055986921952,
    0.12125325435928329,
    0.10778674346960351
  ],
  "hbar_std": [
    0.010647050641012285,
    0.010406690705009611,
    0.005651902366109223,
    0.010491085140470204,
    0.005538594201948114,
    0.012443537052006558,
    0.005788409216433875,
    0.007247573672002556,
    0.014479391872787982,
    0.007252141041714478,
    0.009223390978025596,
    0.007169214233808162,
    0.008109890331118698,
    0.012918536026882926,
    0.01275243200020452,
    0.012997443994046853,
    0.006184257656498723,
    0.012940466791268765,
    0.006501335413536138,
    0.0043426884583930275,
    0.00952219217390464,
    0.010841237877305529,
    0.009740839569900352,
    0.003543788063388203,
    0.00790284987990532,
    0.004600831508800637,
    0.014991166716423825,
    0.009867399883995138,
    0.012110790497119281,
    0.00859604563125048,
    0.00904308205069513,
    0.00819839115926109,
    0.011852594581433135
  ],
  "hbar_all": [
    [
      0.11726998473185234,
      0.12984302886681406,
      0.1156727429182062,
      0.11072326640319272,
      0.10726342674203007,
      0.13655370552820112,
      0.11726421184289273,
      0.13226246538773906,
      0.09539082746205854,
      0.11332106369044104,
      0.10122432382844063,
      0.11523050700385595,
      0.099883802315683,
      0.13727232997415206,
      0.12275596235951296,
      0.12512523166681577,
      0.10738742249619451,
      0.11718658034817914,
      0.12201748034573182,
      0.12151067276937945,
      0.11307881229067758,
      0.1278569215644134,
      0.1058010146653913,
      0.10775151267362433,
      0.1092385534776725,
      0.11249107737039968,
      0.1274080088648394,
      0.13032582606076168,
      0.1188380886401588,
      0.10192429451711418,
      0.13332628445317252,
      0.12791845961294404,
      0.10561864467473323
    ],
    [
      0.1318725695295222,
      0.11535173801990126,
      0.1246178287863104,
      0.12536566082379502,
      0.11173150003833701,
      0.11304306010787428,
      0.11844874031343881,
      0.12321590006820395,
      0.11736782199546686,
      0.1163964579682145,
      0.11369081000899686,
      0.1121091958998614,
      0.11072622827588036,
      0.1140649749377988,
      0.1296357788671481,
      0.11970855795504957,
      0.1034568779890875,
      0.10862252577457016,
      0.12282454393084115,
      0.11073651036615614,
      0.10030783114257548,
      0.10687844340271432,
      0.12306056764547657,
      0.11284314581259511,
      0.10848262739531213,
      0.1134197301238814,
      0.14858124436229708,
      0.1229932314653871,
      0.11425085457013343,
      0.11462995385088229,
      0.12991853222561017,
      0.11728584027325228,
      0.0958709979789349
    ],
    [
      0.09931503564784225,
      0.12886766684625772,
      0.12223274096913658,
      0.09483617370325878,
      0.107543111641099,
      0.12256892849011522,
      0.1105692230778134,
      0.10988535427278129,
      0.12408240239761967,
      0.11431080303408286,
      0.10572370629911387,
      0.12734066880323716,
      0.10765390153896119,
      0.09927499183415733,
      0.13484976193313367,
      0.11338973497270928,
      0.11944479946364493,
      0.13995359467935298,
      0.13046474303362693,
      0.11572557700248519,
      0.1027982740431835,
      0.12180711266620035,
      0.12220220747708703,
      0.11813427215842941,
      0.12550296995380816,
      0.11699266157959973,
      0.10290764676739506,
      0.12060700353408332,
      0.11215950048272548,
      0.11735092821098589,
      0.11073121911574299,
      0.1280607646267275,
      0.10538949642773927
    ],
    [
      0.11633337598340246,
      0.12001848855911386,
      0.10836294413421024,
      0.11999603293213405,
      0.11843629327901367,
      0.10197154604070095,
      0.10440194377313455,
      0.11989407822838147,
      0.10789987516306718,
      0.10380288328397624,
      0.09337075410109702,
      0.10559807523380157,
      0.12351862902682484,
      0.12831814133456254,
      0.10700932316590644,
      0.14099968542549307,
      0.11845024344421376,
      0.11611936166519236,
      0.11406381046815284,
      0.115910400181727,
      0.1225469366773623,
      0.10032194558207726,
      0.11491334593697407,
      0.1120226011639377,
      0.11631141766724604,
      0.11181297260080873,
      0.12537167061566284,
      0.10508377997040011,
      0.14585101023760239,
      0.12865583828647292,
      0.11432462093219893,
      0.12610230085293295,
      0.10163676500237862
    ],
    [
      0.12280307491046924,
      0.10132967130601553,
      0.11752991832794059,
      0.10860063772518397,
      0.12072196967862618,
      0.10584808055304404,
      0.11976449250028583,
      0.11845954532014477,
      0.13819091952253498,
      0.12650807201196776,
      0.11965700029612839,
      0.11821392588561215,
      0.11738498600175118,
      0.11798135564678547,
      0.10193582962940403,
      0.1017294246221026,
      0.11248145535961224,
      0.10151014908353592,
      0.11256439853267905,
      0.1092492803439049,
      0.12296147382908389,
      0.12523188857122672,
      0.1352652033305964,
      0.10946791481090001,
      0.12736520312391109,
      0.12427966821940897,
      0.11618364829368374,
      0.10612212578151733,
      0.12285254510993698,
      0.11248194899491572,
      0.128402142619373,
      0.10689890643055962,
      0.13041781326423157
    ]
  ],
  "tau_eff": Infinity,
  "R2_fit": 0.0
}