{
  "mode": "zpf_only",
  "lambda": 3.0,
  "omega_max": 20.0,
  "n_particles": 1000,
  "n_realizations": 10,
  "t_final": 12.566370614359172,
  "D_zpf": 3.673346492490493,
  "times": [
    0.0,
    0.7860000000000006,
    1.5720000000000012,
    2.357999999999962,
    3.1439999999998753,
    3.9299999999997888,
    4.715999999999703,
    5.501999999999616,
    6.2879999999995295,
    7.073999999999443,
    7.859999999999356,
    8.645999999999557,
    9.43199999999982,
    10.218000000000082,
    11.004000000000344,
    11.790000000000607,
    12.566000000000866
  ],
  "hbar_mean": [
    1.2662891543579895,
    5.232470948143278,
    6.359685195186315,
    7.683356749192993,
    7.542822300564398,
    7.178587757421603,
    7.937156419105753,
    8.138608048668988,
    7.7885817271956075,
    8.840091923535159,
    8.53109746601091,
    7.275195433765065,
    8.621752178557944,
    8.844693925292088,
    9.900463457496844,
    7.67661514466357,
    8.589775990873125
  ],
  "hbar_std": [
    0.056766260781623466,
    0.7448954603572134,
    0.8245933049857851,
    1.2808066169057797,
    1.2232704584758987,
    1.5359876890013562,
    1.5079574757344318,
    2.0380084797017424,
    1.9973041898208965,
    1.6814226859036885,
    2.776628911062296,
    2.150061818696733,
    2.8851025504241363,
    2.178559478430956,
    2.5798163177742395,
    2.3632504123885187,
    2.1310234664009267
  ],
  "hbar_all": [
    [
      1.2833594731761626,
      5.494324989240624,
      6.286194629642003,
      8.776958527226066,
      9.432017970396524,
      4.503373451966587,
      9.039345745281578,
      10.966325094617376,
      8.098029519612032,
      8.098029519612032,
      8.536185928784537,
      5.746002891864558,
      10.019587967124037,
      8.098029519612034,
      12.887883542129378,
      5.32109295549321,
      9.432017970396526
    ],
    [
      1.2894260925084031,
      6.161376077396672,
      6.623052195766674,
      5.35929583605475,
      5.830680984387466,
      8.776958527226064,
      8.776958527226066,
      10.019587967124037,
      10.966325094617376,
      9.039345745281578,
      6.5637223953911805,
      7.5104595228845215,
      4.425260913881224,
      12.887883542129378,
      12.887883542129378,
      8.776958527226064,
      7.5104595228845215
    ],
    [
      1.17897047679394,
      4.178556520984815,
      5.919406384190168,
      7.627924091807084,
      5.728205256668936,
      5.8682400810669755,
      6.492467955208496,
      6.406087808138677,
      4.433245949526661,
      7.793730380704874,
      7.9246543753975,
      5.229002019938859,
      9.432017970396524,
      9.039345745281576,
      5.080320357051684,
      6.614627481272536,
      6.5637223953911805
    ],
    [
      1.289503801720053,
      6.108529851437835,
      5.20155070660275,
      8.776958527226064,
      8.6142984668699,
      8.6142984668699,
      6.171050170276232,
      8.776958527226064,
      7.5104595228845215,
      10.966325094617376,
      12.887883542129378,
      6.614627481272534,
      6.692740019357897,
      8.776958527226064,
      9.044766647105373,
      12.887883542129378,
      9.039345745281576
    ],
    [
      1.2777306460336182,
      4.531199218605513,
      6.191780441697578,
      7.999943746070787,
      7.673628236884418,
      7.494025663461404,
      6.245019743690504,
      5.976960172098905,
      7.848562591180819,
      11.305848439191507,
      6.171050170276232,
      7.51045952288452,
      6.171050170276232,
      4.928420730378262,
      9.039345745281576,
      5.908662952220721,
      10.966325094617375
    ],
    [
      1.2417786510879059,
      4.167029799786318,
      5.254501630083275,
      7.78221298483935,
      8.324385004750166,
      6.589648221634482,
      7.3105518150523014,
      8.219688066646514,
      5.997073504245428,
      7.117787297769573,
      10.966325094617375,
      6.8554000797140615,
      12.887883542129382,
      6.8554000797140615,
      6.171050170276233,
      8.776958527226066,
      12.887883542129378
    ],
    [
      1.1570786565561577,
      5.279507234093247,
      7.010378432209514,
      7.502407340353105,
      6.398557774766083,
      5.86610708279432,
      8.776958527226066,
      4.928420730378262,
      6.171050170276233,
      6.5637223953911805,
      4.666033512322749,
      4.928420730378262,
      5.583480173548723,
      10.019587967124036,
      10.966325094617375,
      4.765760670022099,
      8.098029519612032
    ],
    [
      1.3183996820313215,
      6.2466726360666796,
      7.973610454704011,
      8.279022819311498,
      6.735204390900446,
      9.242477524761592,
      6.692740019357897,
      6.348768498616621,
      6.8554000797140615,
      10.966325094617375,
      12.887883542129378,
      8.6142984668699,
      10.966325094617375,
      6.8554000797140615,
      12.887883542129378,
      8.6142984668699,
      8.098029519612032
    ],
    [
      1.3547684012879988,
      5.2091881637874895,
      7.210423223715139,
      9.352812448294143,
      8.077287640431772,
      8.749917603848901,
      10.966325094617375,
      8.776958527226064,
      9.039345745281578,
      7.117787297769573,
      9.039345745281576,
      12.887883542129378,
      12.887883542129378,
      10.019587967124037,
      10.019587967124037,
      9.432017970396526,
      4.765760670022099
    ],
    [
      1.2718756623843366,
      4.948324990033589,
      5.925953853252045,
      5.376031170747082,
      8.613957279588277,
      6.0808309505858045,
      8.900146593121011,
      10.966325094617375,
      10.966325094617375,
      9.432017970396524,
      5.667890353779195,
      6.855400079714061,
      7.151292392118692,
      10.966325094617375,
      10.019587967124036,
      5.667890353779195,
      8.536185928784537
    ]
  ],
  "tau_eff": Infinity,
  "R2_fit": 0.0
}