{
  "mode": "zpf_osmotic",
  "lambda": 3.0,
  "omega_max": 20.0,
  "n_particles": 1000,
  "n_realizations": 10,
  "t_final": 12.566370614359172,
  "D_zpf": 3.673346492490493,
  "times": [
    0.0,
    0.7860000000000006,
    1.5720000000000012,
    2.357999999999962,
    3.1439999999998753,
    3.9299999999997888,
    4.715999999999703,
    5.501999999999616,
    6.2879999999995295,
    7.073999999999443,
    7.859999999999356,
    8.645999999999557,
    9.43199999999982,
    10.218000000000082,
    11.004000000000344,
    11.790000000000607,
    12.566000000000866
  ],
  "hbar_mean": [
    1.2662891543579895,
    4.189030941160406,
    4.563899708859138,
    4.738419033959741,
    4.750167395480176,
    4.706563514841852,
    4.528285305847797,
    4.681856490783187,
    4.536937277339658,
    4.792279449458865,
    4.639100938385953,
    4.86272870668837,
    4.923660902526551,
    4.596847035100852,
    5.115282794091858,
    5.044881795784373,
    4.467996608428159
  ],
  "hbar_std": [
    0.056766260781623466,
    0.478860742156087,
    0.5703926264524071,
    0.595266413403117,
    0.27767431597442305,
    0.5073910559392937,
    0.29705249897792424,
    0.5073040564632406,
    0.44077749705676944,
    0.403987839920443,
    0.3231800505748366,
    0.4901340525695727,
    0.4740250282497454,
    0.35131868380715714,
    1.0359929329310713,
    0.4005770999417376,
    0.18406557898058779
  ],
  "hbar_all": [
    [
      1.2833594731761626,
      3.6944651546968936,
      4.425260913881224,
      4.425260913881224,
      4.687648131936736,
      4.340713391610424,
      4.425260913881224,
      4.425260913881224,
      4.262600853525061,
      5.080320357051684,
      5.190807948433775,
      4.503373451966587,
      5.32109295549321,
      5.1584328951370475,
      4.666033512322749,
      5.080320357051684,
      4.425260913881224
    ],
    [
      1.2894260925084031,
      3.7986871307182106,
      4.417856818585489,
      4.928420730378262,
      4.503373451966587,
      4.340713391610424,
      4.340713391610424,
      4.928420730378262,
      4.1844883154396975,
      5.32109295549321,
      4.765760670022099,
      4.425260913881224,
      4.666033512322749,
      4.503373451966587,
      5.080320357051684,
      5.190807948433775,
      4.666033512322749
    ],
    [
      1.17897047679394,
      3.7085121678980144,
      4.262600853525061,
      4.262600853525061,
      4.687648131936736,
      5.32109295549321,
      4.262600853525061,
      4.928420730378262,
      5.667890353779195,
      4.340713391610424,
      4.1844883154396975,
      4.928420730378262,
      5.908662952220721,
      5.1584328951370475,
      5.080320357051684,
      4.765760670022099,
      4.425260913881224
    ],
    [
      1.289503801720053,
      4.322323460366162,
      4.262600853525061,
      5.667890353779195,
      5.080320357051684,
      4.6876481319367365,
      5.190807948433774,
      4.340713391610424,
      4.687648131936736,
      5.32109295549321,
      4.26260085352506,
      5.190807948433774,
      4.687648131936736,
      4.666033512322749,
      4.262600853525061,
      5.190807948433774,
      4.262600853525061
    ],
    [
      1.2777306460336182,
      4.17968177092915,
      4.1844883154396975,
      4.425260913881224,
      4.425260913881224,
      4.425260913881224,
      4.340713391610424,
      4.928420730378262,
      4.425260913881224,
      4.503373451966587,
      4.765760670022099,
      4.503373451966587,
      4.687648131936736,
      4.1844883154396975,
      5.32109295549321,
      5.908662952220721,
      4.340713391610424
    ],
    [
      1.2417786510879059,
      4.499657274540735,
      4.765760670022099,
      4.928420730378262,
      4.765760670022099,
      5.9086629522207215,
      4.928420730378262,
      4.262600853525061,
      4.503373451966587,
      4.503373451966587,
      4.262600853525061,
      5.080320357051684,
      4.425260913881224,
      4.503373451966587,
      8.098029519612032,
      4.425260913881224,
      4.765760670022099
    ],
    [
      1.1570786565561577,
      3.708559996808826,
      3.828155349059191,
      4.1844883154396975,
      5.080320357051684,
      4.928420730378262,
      4.26260085352506,
      4.425260913881224,
      4.262600853525061,
      4.425260913881224,
      4.503373451966587,
      4.262600853525061,
      4.503373451966587,
      4.1844883154396975,
      4.6876481319367365,
      4.6876481319367365,
      4.340713391610424
    ],
    [
      1.3183996820313215,
      4.196480870319538,
      4.262600853525061,
      4.1844883154396975,
      5.080320357051684,
      4.262600853525061,
      4.340713391610424,
      5.97615239866367,
      4.928420730378262,
      5.32109295549321,
      4.687648131936736,
      5.908662952220721,
      5.583480173548723,
      4.340713391610424,
      4.503373451966587,
      5.32109295549321,
      4.425260913881224
    ],
    [
      1.3547684012879988,
      4.4819938720928265,
      5.561782107249306,
      5.952098299013565,
      4.928420730378262,
      4.425260913881224,
      4.503373451966587,
      4.340713391610424,
      4.1844883154396975,
      4.765760670022099,
      5.080320357051684,
      4.503373451966587,
      4.6876481319367365,
      4.340713391610424,
      4.687648131936736,
      5.190807948433775,
      4.765760670022099
    ],
    [
      1.2718756623843366,
      5.299947713233705,
      5.667890353779195,
      4.425260913881224,
      4.262600853525061,
      4.425260913881224,
      4.687648131936736,
      4.262600853525061,
      4.262600853525061,
      4.340713391610424,
      4.687648131936736,
      5.32109295549321,
      4.765760670022099,
      4.928420730378262,
      4.765760670022099,
      4.6876481319367365,
      4.26260085352506
    ]
  ],
  "tau_eff": Infinity,
  "R2_fit": 0.0
}