{
  "mode": "frozen",
  "lambda": 3.0,
  "omega_max": 20.0,
  "n_particles": 1000,
  "n_realizations": 10,
  "t_final": 12.566370614359172,
  "D_zpf": 3.673346492490493,
  "times": [
    0.0,
    0.7860000000000006,
    1.5720000000000012,
    2.357999999999962,
    3.1439999999998753,
    3.9299999999997888,
    4.715999999999703,
    5.501999999999616,
    6.2879999999995295,
    7.073999999999443,
    7.859999999999356,
    8.645999999999557,
    9.43199999999982,
    10.218000000000082,
    11.004000000000344,
    11.790000000000607,
    12.566000000000866
  ],
  "hbar_mean": [
    1.2662891543579895,
    1.2662891543579895,
    1.2662891543579895,
    1.2662891543579895,
    1.2662891543579895,
    1.2662891543579895,
    1.2662891543579895,
    1.2662891543579895,
    1.2662891543579895,
    1.2662891543579895,
    1.2662891543579895,
    1.2662891543579895,
    1.2662891543579895,
    1.2662891543579895,
    1.2662891543579895,
    1.2662891543579895,
    1.2662891543579895
  ],
  "hbar_std": [
    0.056766260781623466,
    0.056766260781623466,
    0.056766260781623466,
    0.056766260781623466,
    0.056766260781623466,
    0.056766260781623466,
    0.056766260781623466,
    0.056766260781623466,
    0.056766260781623466,
    0.056766260781623466,
    0.056766260781623466,
    0.056766260781623466,
    0.056766260781623466,
    0.056766260781623466,
    0.056766260781623466,
    0.056766260781623466,
    0.056766260781623466
  ],
  "hbar_all": [
    [
      1.2833594731761626,
      1.2833594731761626,
      1.2833594731761626,
      1.2833594731761626,
      1.2833594731761626,
      1.2833594731761626,
      1.2833594731761626,
      1.2833594731761626,
      1.2833594731761626,
      1.2833594731761626,
      1.2833594731761626,
      1.2833594731761626,
      1.2833594731761626,
      1.2833594731761626,
      1.2833594731761626,
      1.2833594731761626,
      1.2833594731761626
    ],
    [
      1.2894260925084031,
      1.2894260925084031,
      1.2894260925084031,
      1.2894260925084031,
      1.2894260925084031,
      1.2894260925084031,
      1.2894260925084031,
      1.2894260925084031,
      1.2894260925084031,
      1.2894260925084031,
      1.2894260925084031,
      1.2894260925084031,
      1.2894260925084031,
      1.2894260925084031,
      1.2894260925084031,
      1.2894260925084031,
      1.2894260925084031
    ],
    [
      1.17897047679394,
      1.17897047679394,
      1.17897047679394,
      1.17897047679394,
      1.17897047679394,
      1.17897047679394,
      1.17897047679394,
      1.17897047679394,
      1.17897047679394,
      1.17897047679394,
      1.17897047679394,
      1.17897047679394,
      1.17897047679394,
      1.17897047679394,
      1.17897047679394,
      1.17897047679394,
      1.17897047679394
    ],
    [
      1.289503801720053,
      1.289503801720053,
      1.289503801720053,
      1.289503801720053,
      1.289503801720053,
      1.289503801720053,
      1.289503801720053,
      1.289503801720053,
      1.289503801720053,
      1.289503801720053,
      1.289503801720053,
      1.289503801720053,
      1.289503801720053,
      1.289503801720053,
      1.289503801720053,
      1.289503801720053,
      1.289503801720053
    ],
    [
      1.2777306460336182,
      1.2777306460336182,
      1.2777306460336182,
      1.2777306460336182,
      1.2777306460336182,
      1.2777306460336182,
      1.2777306460336182,
      1.2777306460336182,
      1.2777306460336182,
      1.2777306460336182,
      1.2777306460336182,
      1.2777306460336182,
      1.2777306460336182,
      1.2777306460336182,
      1.2777306460336182,
      1.2777306460336182,
      1.2777306460336182
    ],
    [
      1.2417786510879059,
      1.2417786510879059,
      1.2417786510879059,
      1.2417786510879059,
      1.2417786510879059,
      1.2417786510879059,
      1.2417786510879059,
      1.2417786510879059,
      1.2417786510879059,
      1.2417786510879059,
      1.2417786510879059,
      1.2417786510879059,
      1.2417786510879059,
      1.2417786510879059,
      1.2417786510879059,
      1.2417786510879059,
      1.2417786510879059
    ],
    [
      1.1570786565561577,
      1.1570786565561577,
      1.1570786565561577,
      1.1570786565561577,
      1.1570786565561577,
      1.1570786565561577,
      1.1570786565561577,
      1.1570786565561577,
      1.1570786565561577,
      1.1570786565561577,
      1.1570786565561577,
      1.1570786565561577,
      1.1570786565561577,
      1.1570786565561577,
      1.1570786565561577,
      1.1570786565561577,
      1.1570786565561577
    ],
    [
      1.3183996820313215,
      1.3183996820313215,
      1.3183996820313215,
      1.3183996820313215,
      1.3183996820313215,
      1.3183996820313215,
      1.3183996820313215,
      1.3183996820313215,
      1.3183996820313215,
      1.3183996820313215,
      1.3183996820313215,
      1.3183996820313215,
      1.3183996820313215,
      1.3183996820313215,
      1.3183996820313215,
      1.3183996820313215,
      1.3183996820313215
    ],
    [
      1.3547684012879988,
      1.3547684012879988,
      1.3547684012879988,
      1.3547684012879988,
      1.3547684012879988,
      1.3547684012879988,
      1.3547684012879988,
      1.3547684012879988,
      1.3547684012879988,
      1.3547684012879988,
      1.3547684012879988,
      1.3547684012879988,
      1.3547684012879988,
      1.3547684012879988,
      1.3547684012879988,
      1.3547684012879988,
      1.3547684012879988
    ],
    [
      1.2718756623843366,
      1.2718756623843366,
      1.2718756623843366,
      1.2718756623843366,
      1.2718756623843366,
      1.2718756623843366,
      1.2718756623843366,
      1.2718756623843366,
      1.2718756623843366,
      1.2718756623843366,
      1.2718756623843366,
      1.2718756623843366,
      1.2718756623843366,
      1.2718756623843366,
      1.2718756623843366,
      1.2718756623843366,
      1.2718756623843366
    ]
  ],
  "tau_eff": Infinity,
  "R2_fit": 0.0
}