{
  "lambda": 0.0,
  "epsilon_cg": 0.19634954084936207,
  "n_particles": 300,
  "n_realizations": 2,
  "t_final": 12.566370614359172,
  "times": [
    0.0,
    0.08000000000000006,
    0.16000000000000011,
    0.24000000000000019,
    0.32000000000000023,
    0.4000000000000003
  ],
  "hbar_mean": [
    1.0284841235693096,
    0.9397660905211099,
    0.9228224235659349,
    0.8918801979422213,
    0.847496824774762,
    0.7823636799944221
  ],
  "hbar_std": [
    0.030924923634838675,
    0.0032806390417129405,
    0.0028360702874384858,
    0.016654429875851084,
    0.0009988477708923194,
    0.01682025802420617
  ],
  "hbar_all": [
    [
      0.9975591999344711,
      0.9430467295628229,
      0.9199863532784964,
      0.8752257680663702,
      0.8484956725456543,
      0.7991839380186283
    ],
    [
      1.0594090472041484,
      0.936485451479397,
      0.9256584938533734,
      0.9085346278180724,
      0.8464979770038696,
      0.765543421970216
    ]
  ],
  "tau_eff": 1.6357580208367009,
  "inv_tau_eff": 0.6113373660784457,
  "R2_fit": 0.9598043654041984
}