{
  "lambda": 0.05,
  "epsilon_cg": 0.19634954084936207,
  "n_particles": 300,
  "n_realizations": 2,
  "t_final": 12.566370614359172,
  "times": [
    0.0,
    0.08000000000000006,
    0.16000000000000011,
    0.24000000000000019,
    0.32000000000000023,
    0.4000000000000003
  ],
  "hbar_mean": [
    1.0284841235693096,
    0.9142404726252218,
    0.9295132832260586,
    0.944860920866208,
    0.8906033130070782,
    0.797409336204084
  ],
  "hbar_std": [
    0.030924923634838675,
    0.015604271475955833,
    0.03733946475073219,
    0.039949270801211856,
    0.018202422061236567,
    0.02914708877523664
  ],
  "hbar_all": [
    [
      0.9975591999344711,
      0.898636201149266,
      0.8921738184753265,
      0.9049116500649961,
      0.8724008909458416,
      0.8265564249793207
    ],
    [
      1.0594090472041484,
      0.9298447441011777,
      0.9668527479767909,
      0.9848101916674198,
      0.9088057350683147,
      0.7682622474288474
    ]
  ],
  "tau_eff": 2.0980500134570566,
  "inv_tau_eff": 0.47663306097849045,
  "R2_fit": 0.7353523541550493
}