{
  "lambda": 0.07,
  "tau_rad": 0.01,
  "D_ALD": 5.31382376507889e-05,
  "epsilon_cg": 0.19634954084936207,
  "n_particles": 1000,
  "n_realizations": 5,
  "omega_max": 3.0,
  "t_final": 12.566370614359172,
  "times": [
    0.0,
    0.7860000000000006,
    1.5720000000000012,
    2.357999999999962,
    3.1439999999998753,
    3.9299999999997888,
    4.715999999999703,
    5.501999999999616,
    6.2879999999995295,
    7.073999999999443,
    7.859999999999356,
    8.645999999999557,
    9.43199999999982,
    10.218000000000082,
    11.004000000000344,
    11.790000000000607,
    12.566000000000866
  ],
  "hbar_mean": [
    0.839322400669646,
    0.6262607474871854,
    0.5149969015397142,
    0.42603140793002814,
    0.46979994458475394,
    0.38286997134788125,
    0.35844678358552173,
    0.32305267039481816,
    0.27389222118440876,
    0.24599668367805738,
    0.2237956317442511,
    0.2172395792957466,
    0.21114920929056943,
    0.1978633443876325,
    0.1907430113106817,
    0.1848559845722085,
    0.17880717055348522
  ],
  "hbar_std": [
    0.010820887679472974,
    0.017704887594635114,
    0.015095263850213793,
    0.014407479944453455,
    0.022891488502527715,
    0.020438213648308272,
    0.019273578215509457,
    0.014883012113302384,
    0.013641678534729564,
    0.017025242819041223,
    0.010369431342672682,
    0.009566337721212749,
    0.017240855617503825,
    0.021773728690557503,
    0.015965660462219537,
    0.015688979753555106,
    0.018338970672350612
  ],
  "hbar_all": [
    [
      0.829880334893222,
      0.6060948122114443,
      0.5215020455277647,
      0.433233408825361,
      0.4859189377321748,
      0.37072332317291845,
      0.3727929319455038,
      0.3274696545210422,
      0.27414592045009845,
      0.24330481767421402,
      0.2432983733879269,
      0.21922530319854255,
      0.20193334810752192,
      0.2197564385795979,
      0.1974826582066283,
      0.2097545465598597,
      0.2114114930696099
    ],
    [
      0.8527652634905526,
      0.6438934026778906,
      0.5227204831468089,
      0.4367654523156328,
      0.485245688216856,
      0.3989589491301906,
      0.3819625600543376,
      0.32211673001646335,
      0.27655014939911,
      0.2485820263905205,
      0.21683746807254337,
      0.21976392317175766,
      0.20759890713352352,
      0.22580668815587165,
      0.19894818668716166,
      0.1736475517934026,
      0.17694902551764022
    ],
    [
      0.8374329234613452,
      0.6377330937958722,
      0.49775132893232477,
      0.402608699799664,
      0.43521647799781865,
      0.34823748567622026,
      0.3257299622664718,
      0.3085710691131437,
      0.2704250499939695,
      0.25318403210870344,
      0.2137208755301395,
      0.20571259794008054,
      0.18654803703703965,
      0.17293122130052224,
      0.17939534655751593,
      0.16655294211598243,
      0.1768651761355194
    ],
    [
      0.8258209397716099,
      0.6402054964245166,
      0.5356808809033176,
      0.44116654864977123,
      0.49277015484549147,
      0.3957804329544277,
      0.35860589141441945,
      0.30834265962950846,
      0.2528255273628004,
      0.2163925289948762,
      0.22109412003036427,
      0.20871124169545763,
      0.22330133024013815,
      0.17596092081933418,
      0.16628914000963685,
      0.17881042866420793,
      0.1544933976908408
    ],
    [
      0.8507125417315,
      0.6033769323262032,
      0.4973297691883555,
      0.4163829300597117,
      0.4498484641314289,
      0.4006496658056493,
      0.35314257224687623,
      0.3487632386939331,
      0.2955144587160655,
      0.2685200132219728,
      0.2240273217002814,
      0.2327848304728947,
      0.2363644239346241,
      0.19486145308283664,
      0.21159972509246572,
      0.19551445372758985,
      0.17431676035381588
    ]
  ],
  "tau_eff": 8.707065984159252,
  "inv_tau_eff": 0.11484925023185744,
  "R2_fit": 0.9383469997054
}