{
  "lambda": 0.02,
  "tau_rad": 0.01,
  "D_ALD": 4.337815318431746e-06,
  "epsilon_cg": 0.19634954084936207,
  "n_particles": 1000,
  "n_realizations": 5,
  "omega_max": 3.0,
  "t_final": 12.566370614359172,
  "times": [
    0.0,
    0.7860000000000006,
    1.5720000000000012,
    2.357999999999962,
    3.1439999999998753,
    3.9299999999997888,
    4.715999999999703,
    5.501999999999616,
    6.2879999999995295,
    7.073999999999443,
    7.859999999999356,
    8.645999999999557,
    9.43199999999982,
    10.218000000000082,
    11.004000000000344,
    11.790000000000607,
    12.566000000000866
  ],
  "hbar_mean": [
    0.839322400669646,
    0.6264669256384261,
    0.5103037995513008,
    0.4236493906816138,
    0.4626415836021936,
    0.3870058245615818,
    0.3808120991817617,
    0.306378411106835,
    0.26398050946588947,
    0.2325145723743673,
    0.2277131792915485,
    0.2047089054734239,
    0.2002681804364015,
    0.20227529489801968,
    0.1870506218666143,
    0.18083431394189636,
    0.17880279709567606
  ],
  "hbar_std": [
    0.010820887679472974,
    0.007853291980547836,
    0.013693490127260947,
    0.02221376266832856,
    0.023518973815353422,
    0.019701720933619726,
    0.008106771595412529,
    0.01474500606513143,
    0.007227565196546929,
    0.011051923524346394,
    0.009337704974008694,
    0.005824784478377689,
    0.013427765057535611,
    0.01103728145239661,
    0.009548466454895477,
    0.005314040398485282,
    0.005345461004265842
  ],
  "hbar_all": [
    [
      0.829880334893222,
      0.6146101267190932,
      0.5205748192730961,
      0.4269950961628587,
      0.4667000590071908,
      0.39007509135167323,
      0.36865866812152825,
      0.28525119053247205,
      0.27437525011711544,
      0.2508395948671697,
      0.2253948420239461,
      0.19909725636280046,
      0.2259984199609946,
      0.2175644452310624,
      0.2035204698198031,
      0.1798865589385556,
      0.17655581622684297
    ],
    [
      0.8527652634905526,
      0.6316733758859446,
      0.49509456924779294,
      0.4118217439645026,
      0.46552833596048776,
      0.4036196614355384,
      0.39289098780291803,
      0.29527016715056137,
      0.25592658036369337,
      0.21838751534236212,
      0.2137157435037322,
      0.21302484519550846,
      0.18892420798785042,
      0.20281300743957428,
      0.19180891754640744,
      0.18682007815642243,
      0.1731605191458413
    ],
    [
      0.8374329234613452,
      0.6285826971836381,
      0.49460467708837363,
      0.40323207374165293,
      0.4353260228112528,
      0.34861449821940027,
      0.3802677323467334,
      0.3260934706266426,
      0.2556985256114084,
      0.23547327231682877,
      0.24220593538383708,
      0.20065332488927815,
      0.19409604629915211,
      0.19983582662919352,
      0.1802553277336455,
      0.18362512089682773,
      0.18338852327371394
    ],
    [
      0.8258209397716099,
      0.6366690262907192,
      0.5290287620198934,
      0.46531775316041785,
      0.5027206540906839,
      0.39815664514656984,
      0.3769679149294232,
      0.30762564824099525,
      0.26594311114085323,
      0.22440953872192718,
      0.22523653931021817,
      0.21046561263838617,
      0.1917473737436133,
      0.18376003923734047,
      0.1822465812200676,
      0.17117387552197538,
      0.18675932331303485
    ],
    [
      0.8507125417315,
      0.6207994021127354,
      0.512216170127348,
      0.41088028637863716,
      0.44293284614135253,
      0.39456322665472704,
      0.3852751927082054,
      0.3176515789835036,
      0.26795908009637665,
      0.23346294062354883,
      0.232012836236009,
      0.20030348828114625,
      0.20057485419039706,
      0.20740315595292771,
      0.1774218130131479,
      0.18266593619570065,
      0.17414980351894713
    ]
  ],
  "tau_eff": 8.583236086182636,
  "inv_tau_eff": 0.11650617435652368,
  "R2_fit": 0.929966937319531
}