{
  "lambda": 0.0,
  "tau_rad": 0.01,
  "D_ALD": 0.0,
  "epsilon_cg": 0.19634954084936207,
  "n_particles": 1000,
  "n_realizations": 5,
  "omega_max": 3.0,
  "t_final": 12.566370614359172,
  "times": [
    0.0,
    0.7860000000000006,
    1.5720000000000012,
    2.357999999999962,
    3.1439999999998753,
    3.9299999999997888,
    4.715999999999703,
    5.501999999999616,
    6.2879999999995295,
    7.073999999999443,
    7.859999999999356,
    8.645999999999557,
    9.43199999999982,
    10.218000000000082,
    11.004000000000344,
    11.790000000000607,
    12.566000000000866
  ],
  "hbar_mean": [
    0.839322400669646,
    0.6266604461901981,
    0.5139814852798907,
    0.426765663698624,
    0.4682313765503755,
    0.38735012666275526,
    0.3776652837896721,
    0.3036375911791308,
    0.2566524248386705,
    0.232452922553627,
    0.21850065368215824,
    0.20580417102286014,
    0.200988773945401,
    0.20585823730431813,
    0.18698159313514665,
    0.1857429115061358,
    0.18962202144978263
  ],
  "hbar_std": [
    0.010820887679472974,
    0.00819918150145056,
    0.01557855828431708,
    0.01959910733581296,
    0.021721322201418036,
    0.017903623290925364,
    0.021046941662268025,
    0.018721211960005965,
    0.012020806429975429,
    0.01652448036951719,
    0.015057968494409595,
    0.02230214468398905,
    0.012942397205464227,
    0.011256034661943968,
    0.007620231145208257,
    0.003436699035223114,
    0.007055886921005791
  ],
  "hbar_all": [
    [
      0.829880334893222,
      0.6145753528398851,
      0.5243487606474988,
      0.4362788030785296,
      0.4713740207091981,
      0.3849684634128252,
      0.39372624443072946,
      0.3076337811358612,
      0.24312376615844167,
      0.2581579527982538,
      0.1935870696680856,
      0.23094332890563932,
      0.21975154443747902,
      0.21002699362584737,
      0.19911996505805774,
      0.19003279341639376,
      0.19290922127788418
    ],
    [
      0.8527652634905526,
      0.6337887611686859,
      0.5063628259533586,
      0.4225035755161591,
      0.47914398435983285,
      0.4055516535546466,
      0.37866599058106243,
      0.2959123374927921,
      0.26550980592651696,
      0.218001357186699,
      0.21199213581939869,
      0.2017177573133026,
      0.18565748719719852,
      0.20322062817391326,
      0.18888057583397655,
      0.18570107432311916,
      0.19851633319902376
    ],
    [
      0.8374329234613452,
      0.6328166817644785,
      0.49224884417792175,
      0.4022032906978119,
      0.4292387636274446,
      0.35976299957771063,
      0.3453718206449271,
      0.30045363703276073,
      0.24725157180090762,
      0.21325736050942917,
      0.22434444045315474,
      0.1827567007244697,
      0.19356996830949275,
      0.18533575602412394,
      0.1821564615904514,
      0.1891250392421636,
      0.19353038148716428
    ],
    [
      0.8258209397716099,
      0.6331547977095369,
      0.5375345918215523,
      0.459028691573702,
      0.49482022206087745,
      0.40798921345028266,
      0.3653181992322754,
      0.27843456997891125,
      0.2519916388116154,
      0.2295070397331644,
      0.22389421602422727,
      0.1812567019451217,
      0.19330126057661148,
      0.21730946657287983,
      0.18844503610533353,
      0.18215266989557732,
      0.1842506576478643
    ],
    [
      0.8507125417315,
      0.6189666374684037,
      0.5094124037991222,
      0.4138139576269173,
      0.4665798919945247,
      0.37847830331831117,
      0.40524416405936636,
      0.33575363025532895,
      0.27538534149587085,
      0.24334090254058865,
      0.23868540644592487,
      0.23234636622576738,
      0.21266360920622318,
      0.21339834212482628,
      0.176305927087914,
      0.1817029806534253,
      0.17890351363697665
    ]
  ],
  "tau_eff": 8.719321709816791,
  "inv_tau_eff": 0.11468782014019893,
  "R2_fit": 0.9143257226649775
}