{
  "lambda": 0.005,
  "tau_rad": 0.01,
  "D_ALD": 2.7111345740198415e-07,
  "epsilon_cg": 0.19634954084936207,
  "n_particles": 1000,
  "n_realizations": 5,
  "omega_max": 3.0,
  "t_final": 12.566370614359172,
  "times": [
    0.0,
    0.7860000000000006,
    1.5720000000000012,
    2.357999999999962,
    3.1439999999998753,
    3.9299999999997888,
    4.715999999999703,
    5.501999999999616,
    6.2879999999995295,
    7.073999999999443,
    7.859999999999356,
    8.645999999999557,
    9.43199999999982,
    10.218000000000082,
    11.004000000000344,
    11.790000000000607,
    12.566000000000866
  ],
  "hbar_mean": [
    0.839322400669646,
    0.6264686960320623,
    0.5139875108022484,
    0.41875810219258475,
    0.46953612274266476,
    0.3793050164137056,
    0.3741876564524283,
    0.3012283378829385,
    0.2633277212039939,
    0.23908368790116663,
    0.23764736224496885,
    0.20356172391279012,
    0.209380012656409,
    0.202914823392426,
    0.19531308742156855,
    0.18112215058621067,
    0.17607272824147766
  ],
  "hbar_std": [
    0.010820887679472974,
    0.011077088507682104,
    0.017602591498242483,
    0.017985503163163715,
    0.021344908340256607,
    0.013765003953260505,
    0.01683284908684807,
    0.016664848788724967,
    0.009560442975222416,
    0.02077013436072813,
    0.016629564343713467,
    0.007997237818522273,
    0.015565450113801099,
    0.006445388552640715,
    0.006791164902330909,
    0.012222866676255568,
    0.013184603948285497
  ],
  "hbar_all": [
    [
      0.829880334893222,
      0.6099825401345998,
      0.5282457719831639,
      0.41831736777564255,
      0.47526630150665344,
      0.3734272763261949,
      0.37840215333587635,
      0.2868913061764136,
      0.2549149978171184,
      0.24232507911349108,
      0.21273019705886118,
      0.1953649849589887,
      0.20765724726397305,
      0.19840685828067628,
      0.20237131528321395,
      0.18089475604714111,
      0.18887281242346587
    ],
    [
      0.8527652634905526,
      0.6372980095361189,
      0.504776943948887,
      0.4157934589661477,
      0.4735510345250443,
      0.3962341824598099,
      0.37579125309363043,
      0.2911146044478753,
      0.2536150449690555,
      0.21930359450337558,
      0.2274929300398162,
      0.2081126351203316,
      0.20038549261536562,
      0.2057344545503356,
      0.18237927383644859,
      0.1842554810981767,
      0.17469071942774772
    ],
    [
      0.8374329234613452,
      0.6361306878724714,
      0.488132149776827,
      0.39893598829802657,
      0.43295896476878726,
      0.35922179216250755,
      0.36359975052338606,
      0.3120191000951785,
      0.2647787464947187,
      0.2275369464666107,
      0.2618306926641666,
      0.19706413127121547,
      0.21756112670168043,
      0.21117923443239334,
      0.1965251286067755,
      0.16579796254164292,
      0.15277132763659906
    ],
    [
      0.8258209397716099,
      0.6323104627219613,
      0.5381052858374169,
      0.4521173518997611,
      0.4992494367252101,
      0.39336317920891295,
      0.35134449070504836,
      0.287189589331501,
      0.2629822388226015,
      0.2283523266244762,
      0.24038744432651776,
      0.2003202354859506,
      0.18765461921855975,
      0.19293648538303526,
      0.196885214514691,
      0.1727507133772515,
      0.17531159952147848
    ],
    [
      0.8507125417315,
      0.6166217798951599,
      0.5106774024649469,
      0.40862634402334574,
      0.4666548761876286,
      0.374278651911103,
      0.4018006346042,
      0.3289270893637242,
      0.28034757791647547,
      0.27790049279787965,
      0.2457955471354824,
      0.2169466327274643,
      0.233641577482466,
      0.20631708431568963,
      0.19840450486671363,
      0.20191183986684108,
      0.1887171821980972
    ]
  ],
  "tau_eff": 8.701107519796905,
  "inv_tau_eff": 0.11492789828476241,
  "R2_fit": 0.930214957463179
}