{
  "lambda": 0.03,
  "tau_rad": 0.01,
  "D_ALD": 9.760084466471428e-06,
  "epsilon_cg": 0.19634954084936207,
  "n_particles": 1000,
  "n_realizations": 5,
  "omega_max": 3.0,
  "t_final": 12.566370614359172,
  "times": [
    0.0,
    0.7860000000000006,
    1.5720000000000012,
    2.357999999999962,
    3.1439999999998753,
    3.9299999999997888,
    4.715999999999703,
    5.501999999999616,
    6.2879999999995295,
    7.073999999999443,
    7.859999999999356,
    8.645999999999557,
    9.43199999999982,
    10.218000000000082,
    11.004000000000344,
    11.790000000000607,
    12.566000000000866
  ],
  "hbar_mean": [
    0.839322400669646,
    0.6257780432251018,
    0.5086340958362491,
    0.41704478017111796,
    0.46630721785594764,
    0.3872434760746051,
    0.3725727324246225,
    0.3102086914305458,
    0.25576728210610394,
    0.22937793824933195,
    0.22174203593352085,
    0.19309995066577623,
    0.20045703650498653,
    0.19667602533933576,
    0.18650568078700452,
    0.18074881696491332,
    0.1783559137008353
  ],
  "hbar_std": [
    0.010820887679472974,
    0.010471776901703379,
    0.016683646477832617,
    0.018224328225960193,
    0.028445210939527964,
    0.023336384330621948,
    0.018027939181400294,
    0.01387700746705815,
    0.014682966918442591,
    0.02274139685906264,
    0.011092401345675887,
    0.0074240648690896425,
    0.014882171818970976,
    0.006760241095899678,
    0.015247549179263499,
    0.013296930806414274,
    0.015137601288763273
  ],
  "hbar_all": [
    [
      0.829880334893222,
      0.6077622837275813,
      0.5279459538040471,
      0.4290203312461133,
      0.4677958870842949,
      0.392630904850574,
      0.35259817879068167,
      0.28495615194831503,
      0.2542088390807916,
      0.2392858619163126,
      0.23131636665292898,
      0.1885999281787163,
      0.19560929790676235,
      0.20461379063949603,
      0.20453111968243826,
      0.18680966321250986,
      0.18894503904151064
    ],
    [
      0.8527652634905526,
      0.6288658856035512,
      0.4992185432877041,
      0.4010515725922532,
      0.47765972942742807,
      0.4141797109580819,
      0.4030625284107011,
      0.3220406754517968,
      0.2673605124480679,
      0.26971166001345687,
      0.2256547546483191,
      0.18660761177915666,
      0.21225436919400717,
      0.2050039549037846,
      0.18073385837342634,
      0.18493980997802262,
      0.1604667811224222
    ],
    [
      0.8374329234613452,
      0.638102184215524,
      0.48580190896322906,
      0.4011951997579649,
      0.4209642580747638,
      0.34524388272239975,
      0.36476867059282503,
      0.3100151714578432,
      0.22919045239200456,
      0.21555513540289156,
      0.22374037736742416,
      0.20748544488962767,
      0.19360138292258647,
      0.1889531793346164,
      0.17585325868007415,
      0.19893204309954376,
      0.2019741453670819
    ],
    [
      0.8258209397716099,
      0.6325073579518846,
      0.52785238046293,
      0.4471386495407118,
      0.5083494591115552,
      0.40095757127599574,
      0.3604504371784315,
      0.3102164236649737,
      0.25703943224501724,
      0.20934592722868817,
      0.20013684382775304,
      0.19189527343836413,
      0.17922383058109836,
      0.19247273991633695,
      0.16713828002345443,
      0.15964516126521144,
      0.1668336829405599
    ],
    [
      0.8507125417315,
      0.6216525046269676,
      0.5023516926633351,
      0.40681814771854663,
      0.45676675558169605,
      0.38320531056597384,
      0.3819838471504731,
      0.3238150346298,
      0.27103717436463826,
      0.21299110668531057,
      0.2278618371711788,
      0.19091149504301644,
      0.22159630192047833,
      0.1923364619024448,
      0.20427188717562944,
      0.17341740726927896,
      0.173559920032602
    ]
  ],
  "tau_eff": 8.511314446980858,
  "inv_tau_eff": 0.11749066565796086,
  "R2_fit": 0.9223406314032717
}