{
  "lambda": 0.1,
  "tau_rad": 0.01,
  "D_ALD": 0.00010844538296079367,
  "epsilon_cg": 0.19634954084936207,
  "n_particles": 1000,
  "n_realizations": 5,
  "omega_max": 3.0,
  "t_final": 12.566370614359172,
  "times": [
    0.0,
    0.7860000000000006,
    1.5720000000000012,
    2.357999999999962,
    3.1439999999998753,
    3.9299999999997888,
    4.715999999999703,
    5.501999999999616,
    6.2879999999995295,
    7.073999999999443,
    7.859999999999356,
    8.645999999999557,
    9.43199999999982,
    10.218000000000082,
    11.004000000000344,
    11.790000000000607,
    12.566000000000866
  ],
  "hbar_mean": [
    0.839322400669646,
    0.6301755212060771,
    0.5125546228278972,
    0.4339168350861704,
    0.48036104625519294,
    0.3892849600892606,
    0.3773684358550214,
    0.3277391597210583,
    0.2794770613070668,
    0.24843796820564443,
    0.22673468031334637,
    0.22232260845655008,
    0.20631712412125497,
    0.20036282187562696,
    0.1994364220816535,
    0.1940265346568772,
    0.18216517848828762
  ],
  "hbar_std": [
    0.010820887679472974,
    0.018780603138970002,
    0.019739173983359563,
    0.023160918452982866,
    0.02058250181533534,
    0.024865694230689454,
    0.022545199477022514,
    0.014061840141966283,
    0.011732281664572923,
    0.0160825594610219,
    0.016930961677781717,
    0.020985783906371246,
    0.015214743651097682,
    0.010528549280436483,
    0.009916447212343107,
    0.028177485340794825,
    0.017179982995202275
  ],
  "hbar_all": [
    [
      0.829880334893222,
      0.6053940645123465,
      0.5291296356891335,
      0.42173236696775884,
      0.47914671518177526,
      0.3669508837665422,
      0.3956683448586229,
      0.3139327252992359,
      0.2716380139475448,
      0.2645450432474229,
      0.23375833963728254,
      0.25094826109189866,
      0.20338861184112536,
      0.21477122377665542,
      0.20223827924551452,
      0.24561023254190412,
      0.20736981655080394
    ],
    [
      0.8527652634905526,
      0.6570371602327101,
      0.5199290083435153,
      0.4630403838591242,
      0.4954470700499363,
      0.4181853029051812,
      0.4079869418033022,
      0.32988792321164206,
      0.29954501223468677,
      0.2639344754549887,
      0.21631844949473356,
      0.20160724844274464,
      0.22540007148530378,
      0.20870877640004104,
      0.20081070329277673,
      0.16638331755409974,
      0.17789573405310316
    ],
    [
      0.8374329234613452,
      0.6367612422412001,
      0.492085927593577,
      0.4177199344770111,
      0.4506350485555796,
      0.3548731992110999,
      0.354087554658411,
      0.30945324318140544,
      0.28183964236812253,
      0.2540443945557957,
      0.2241138166032807,
      0.22426355741166604,
      0.1982428531667804,
      0.18443534989015692,
      0.19927367977059093,
      0.17073059306134492,
      0.16985437960295893
    ],
    [
      0.8258209397716099,
      0.6390138709405394,
      0.5352482353523813,
      0.46021860914400603,
      0.5092622274297168,
      0.3935739670346481,
      0.3504356772770967,
      0.345030216906384,
      0.2646972911252682,
      0.22391943690043442,
      0.2047363180934127,
      0.19616999143257605,
      0.18374506051186898,
      0.1968893460756732,
      0.1820371866513419,
      0.19272460921464657,
      0.16005535091827267
    ],
    [
      0.8507125417315,
      0.6126712681035897,
      0.4863803071608796,
      0.406872880982952,
      0.46731417005895687,
      0.41284144752883184,
      0.378663660677674,
      0.34039169000662445,
      0.2796653468597118,
      0.23574649086958033,
      0.2547464777380224,
      0.238623983903865,
      0.22080902360119617,
      0.19700941323560822,
      0.21282226144804328,
      0.19468392091239078,
      0.19565061131629946
    ]
  ],
  "tau_eff": 8.819143085478185,
  "inv_tau_eff": 0.11338970127909867,
  "R2_fit": 0.9347399634077966
}