{
  "lambda": 0.05,
  "n_particles": 100,
  "n_realizations": 2,
  "hbar_mean": [
    0.3220232329007757,
    0.3102979222903549,
    0.32366840622557735,
    0.3363622888219922,
    0.35304056481761725,
    0.356498987813312,
    0.3614352454562929,
    0.3505891842382731,
    0.34326125585570827,
    0.3592823815025578,
    0.3403890077762896,
    0.31682974558261967,
    0.3281058566992461,
    0.31276913105732534,
    0.3112684339928676,
    0.2958342371924315,
    0.32157500647029097,
    0.31032582392479235,
    0.332679926023103,
    0.35880519572726,
    0.3503905696221308,
    0.35906292289630437,
    0.37529083242448813,
    0.336923002331705,
    0.3438610717635695,
    0.3665394395303504,
    0.3526089136365891,
    0.321161513661386,
    0.32811006778257884,
    0.3168369227812945,
    0.3085927800610584
  ],
  "hbar_std": [
    0.005177944151980501,
    0.0023674772610332295,
    0.0040910823514306305,
    0.023291921324374854,
    0.009442386400679625,
    0.0003793519103729992,
    0.0198245966601365,
    0.002912153976310533,
    0.00012923468395042992,
    0.012451477191795679,
    0.022903333525631286,
    0.018082856984446255,
    0.010543561312743005,
    0.006002773320394339,
    0.006608714279551953,
    0.012083582816861643,
    0.002331452593415717,
    0.002341228915373722,
    0.004855757232791691,
    0.021280517354836603,
    0.006656077721657994,
    0.002190352509324228,
    0.0144716890369736,
    0.013027913721638584,
    0.00361008215395206,
    0.012988126825111468,
    0.03234974524631004,
    0.022162477277825915,
    0.02638034578296017,
    0.002181272469240242,
    0.0037019754043331465
  ],
  "ks_mean": NaN,
  "ks_std": NaN
}