{
  "lambda": 0.0,
  "n_particles": 1000,
  "n_realizations": 1,
  "hbar_mean": [
    0.04892423066566203,
    0.05093454048300391,
    0.0548661320701624,
    0.057838858529721475,
    0.06049199272725211,
    0.05271336305059258,
    0.04796056156412683,
    0.05375847253628559,
    0.05468832276976244,
    0.04667418184617247,
    0.04700090216861985,
    0.042800287280161844,
    0.04610667365051276,
    0.04483952220974888,
    0.04700992685409348,
    0.04392972963009453,
    0.04888699508106195,
    0.0509849359658528,
    0.054908814516822946,
    0.05673865278283001,
    0.06073961500257136,
    0.052904041593885044,
    0.04763764997892326,
    0.05324379158803226,
    0.05437210938483453,
    0.04641332811267048,
    0.04412128778489035,
    0.04456998073238635,
    0.04624877364969242,
    0.04477466691214424,
    0.04630196796907891,
    0.043532038286790455,
    0.049020744917252654,
    0.051654897021651575,
    0.054832827931907184,
    0.05682844800572591,
    0.059957357660336746,
    0.052681657953154916,
    0.04802765516864948,
    0.0525374023505038,
    0.053981504903945335,
    0.04711989753709376,
    0.04518962029313815,
    0.0446778155474827,
    0.046196966164066676,
    0.04474033361692516,
    0.04624972732690671,
    0.04537355154473807,
    0.04802240719898537,
    0.053151568527880375,
    0.05455495022304725,
    0.05594789164360007,
    0.06148882555380783,
    0.053693841841037586,
    0.047961349295636974,
    0.055696876405275555,
    0.05236999565664183,
    0.04590353881134611,
    0.04569922223600569,
    0.046643614793806215,
    0.04626996234057075,
    0.044398773609220336,
    0.04578560587472269,
    0.04644178432619626,
    0.048003680012359384,
    0.052785759418397055,
    0.05061211205529874,
    0.05204016125841106,
    0.059990246409303644,
    0.05728620624657221,
    0.049328144624830914,
    0.056982304354127815,
    0.050409796256443984,
    0.045870710427830357,
    0.04552322994252335,
    0.04544085333843641,
    0.045421039338798555,
    0.04379095346594221,
    0.04316813077378099,
    0.045493992090144326,
    0.04278830738917313,
    0.04628974656324933,
    0.04710519511559115,
    0.04990254413372734,
    0.05702930007294556,
    0.0544102126660793,
    0.048116675722004856,
    0.05374606430697418,
    0.04905869037968494,
    0.050262106638737196,
    0.048289833963158516,
    0.04774992100035855,
    0.04855283916620159,
    0.04622666778272427,
    0.045196941033379665,
    0.04499318740622395,
    0.039176504961335235,
    0.044622422328202,
    0.046591841076977704,
    0.04860773131098206,
    0.05316104507224018,
    0.05025074942475275,
    0.043502862620184185,
    0.04324831017913184,
    0.045545499977429474,
    0.044853729606853264,
    0.04483895728771328,
    0.04773526434926558,
    0.04516486535734995,
    0.04577878459412171,
    0.04444634051734899,
    0.04660817714853441,
    0.0418576382066394,
    0.04375778778705588,
    0.04584083726638963,
    0.04467030186214533,
    0.046587813423468995,
    0.04558359254568273,
    0.04477623505813942,
    0.04172954490712494,
    0.04419904721977313,
    0.047030552545298046,
    0.05011791147439829,
    0.05166595069518179,
    0.05108626468213856,
    0.05255854042183872,
    0.05478814095198122,
    0.0564263896319952,
    0.059750595990081354,
    0.059400850714127734,
    0.06256108510148847,
    0.060168873664296144,
    0.06000913233545005,
    0.06320773592883835,
    0.06154166912577434,
    0.05842197214262757,
    0.05943328330418135,
    0.05846550604865548,
    0.053245793333494,
    0.055707399381223925,
    0.06015620282504152,
    0.05969799363338333,
    0.06076963708608152,
    0.06058540041319777,
    0.05941816868002864,
    0.06549257356069989,
    0.0642307022539354,
    0.06705219958110441,
    0.06623113204762547,
    0.0667162036835049,
    0.06441846485536391,
    0.06244488210503807,
    0.06601470754578148,
    0.06790220206628284,
    0.07066826337833954,
    0.0709267274953347,
    0.07338372787050966,
    0.07218805260022682,
    0.07337967787345626,
    0.07887996083862507,
    0.0846451981695811,
    0.09286109498870981,
    0.09584977790400201,
    0.0924274120761227,
    0.09891336064635652,
    0.09777665928105267,
    0.10043002472559576,
    0.10795962324911396,
    0.1087742962215082,
    0.10532976119907532,
    0.1133691953314156,
    0.11528421790476605,
    0.11432657461861853,
    0.1132021540036128,
    0.12044450632323064,
    0.12209604495944137,
    0.13475959213747002,
    0.13973723405654592,
    0.13574774231646233,
    0.12867679180803043,
    0.1308082855341542,
    0.13132771880923205,
    0.13497004749452435,
    0.13225990179724872,
    0.1278986209774859,
    0.12594758964648134,
    0.12465470665922515,
    0.12893351085945098,
    0.12939806131604004,
    0.13445260644910592,
    0.13557053969781652,
    0.14375433647645977,
    0.15762001357730057,
    0.1606536674247226,
    0.172686501400452,
    0.16490768074215667,
    0.16339701862826383,
    0.16712035150764834,
    0.1663479238712011,
    0.16687943915824813,
    0.1684457795508093,
    0.16082346761227406,
    0.16117399853674416,
    0.15837159030243142,
    0.16531436010951356,
    0.16694396756786445,
    0.17011819740031087,
    0.17707439755299031,
    0.18921542661451968,
    0.20374809368214253,
    0.20418671358502039,
    0.19497591216294574,
    0.19429130072424927,
    0.20084264303054655,
    0.19837214293370992,
    0.202263087044307,
    0.1971004471982986,
    0.1972296225382455,
    0.19060236072016612,
    0.186157585960476,
    0.183440836362035,
    0.18690721543121963,
    0.19342747790953188,
    0.18736214773370005,
    0.19391449444611814,
    0.20793146741990942,
    0.21590375304428144,
    0.2154471685199523,
    0.21331154376818162,
    0.21525938841382805,
    0.21784623437622466,
    0.22351527026668178,
    0.21892565046085827,
    0.21503808420413725,
    0.22894460203147854,
    0.2266748574823065,
    0.2161972784075949,
    0.21459199855569516,
    0.2163081116232237,
    0.22591037241173997,
    0.21306376375273492,
    0.22425787377221845,
    0.2274486978542377,
    0.23023658807423414,
    0.2370121425893751,
    0.23469060729029378,
    0.23200104307921005,
    0.22900263669539994,
    0.22971793918133554,
    0.22092090149049998,
    0.22273696314444705,
    0.22166750038894523,
    0.2245964043965033,
    0.22973217046796388,
    0.24023929124448715,
    0.24303488168906084,
    0.23434263647117165,
    0.23645201409143643,
    0.23880055832247482,
    0.23609611307291006,
    0.23426462269689774,
    0.2363346469851466,
    0.24269574584104864,
    0.2439148656934445,
    0.24832124044491322,
    0.24519727791111448,
    0.24720223802750696,
    0.24559040284563585,
    0.24475610671941087,
    0.24342070503307528,
    0.24739781400114913,
    0.24867871162693733,
    0.25721337140608225,
    0.25651946639298007,
    0.26416773809347893,
    0.26122821955180114,
    0.26476020228019304,
    0.2650103801195819,
    0.27276481812456066,
    0.27562283421924966,
    0.27332909308155906,
    0.2742058794109447,
    0.26622058226541667,
    0.2688222538445213,
    0.26610294207417434,
    0.2649776852769533,
    0.27627326534122876,
    0.2744312617105153,
    0.2765013943284089,
    0.27755342352513485,
    0.28545470566456743,
    0.2890029358301887,
    0.27311041651912293,
    0.273379330846632,
    0.2802968527644393,
    0.2849432764634409,
    0.2835309430560201,
    0.27492650865407,
    0.2801646129255988,
    0.2868606096156445,
    0.28906345741530887
  ],